id,grid,name,type,lat,lng
5449485558,168,千葉火鍋,restaurant,25.0097617,121.2967633
5889456293,271,星巴克,cafe,24.9571719,121.2408305
5644259153,87,必勝客,restaurant,25.0470218,121.2924689
3785979363,270,一心蔥油餅,restaurant,24.9542584,121.2257989
6305250544,251,171 Café,cafe,24.9667022,121.2991134
5336385006,67,福星小吃,restaurant,25.0601283,121.3622676
5757947331,248,miur,restaurant,24.9641909,121.2569678
3592282112,196,帕可先生,restaurant,24.9917595,121.3019605
2777981284,197,金上元永和豆漿大王,restaurant,24.9961920,121.3157489
7018522414,148,皇家吉利堡,restaurant,25.0241733,121.4242492
6180453868,244,CASA BRASIL NCU,restaurant,24.9643939,121.1910876
5315984549,196,蜀川担担麵/牛肉麵,restaurant,24.9945722,121.2999163
4941444036,135,達美樂披薩,restaurant,25.0191230,121.2306512
4347520485,148,清心福全,cafe,25.0197178,121.4205817
6188849987,244,燈丫腳湯包車,restaurant,24.9647426,121.1933974
5367519654,87,洋城義大利餐廳,restaurant,25.0473706,121.2918678
4420538341,330,涼麵 壽司,restaurant,24.9181184,121.1845636
3016283425,197,3Q 脆皮雞排,fast_food,24.9930155,121.3134308
7076608002,248,四海遊龍,restaurant,24.9737325,121.2603293
2126526409,269,麥當勞,fast_food,24.9569548,121.2040803
6863892154,38,皇家傳承牛肉麵,restaurant,25.0766119,121.2314736
5635182381,68,自助餐,restaurant,25.0589784,121.3696581
4855757139,92,蔡家排骨飯,restaurant,25.0551720,121.3688747
2125610607,270,藝奇日本料理,restaurant,24.9556256,121.2255853
5455666180,275,大呼過癮,restaurant,24.9596353,121.2945996
4524863954,39,漢堡王,fast_food,25.0773426,121.2327564
7076608005,248,美香居港式烤鴨燒臘飯店,restaurant,24.9736122,121.2597647
7343452085,47,JAPOLI義大利餐酒館,restaurant,25.0706655,121.3641070
2125608272,270,三商巧福,restaurant,24.9562230,121.2249111
7217108219,191,大心,restaurant,25.0013209,121.2286698
4452890786,147,焗之森,restaurant,25.0166317,121.4026744
5076938224,92,家芬豆花,restaurant,25.0522482,121.3699913
1455761073,418,大溪湖畔咖啡,cafe,24.8194107,121.2885731
5804318493,157,八方雲集,restaurant,25.0130196,121.1360869
7076473181,221,素食自助餐,restaurant,24.9755585,121.2553163
3686386773,68,85度C,cafe,25.0581814,121.3662203
5300864962,422,大房豆干,restaurant,24.8120659,121.2472447
2785047697,269,香辣小舖,restaurant,24.9562754,121.2109675
2695846620,355,麥當勞,fast_food,24.8947130,121.2762592
4209308422,140,新源芳魚翅餐廳,restaurant,25.0264932,121.2932632
5981892300,196,蘇杭小館,restaurant,24.9929077,121.2997404
5711037568,169,85度C,cafe,25.0075201,121.3160834
5119420074,119,八方雲集,restaurant,25.0297657,121.3891592
2633105194,270,稻葉山城麻辣鍋,restaurant,24.9601992,121.2239099
2135696903,141,老鷹熱炒 ,restaurant,25.0156223,121.3102174
5163258638,251,Pizza Hut,restaurant,24.9616050,121.2999844
6132462942,244,霸王,restaurant,24.9649095,121.1936327
4354215433,140,布納咖啡館,restaurant,25.0157978,121.2985554
4448706503,137,甜甜飲食館,restaurant,25.0245706,121.2581318
6114711440,195,嗨摩尼 韓式烤肉,restaurant,24.9882880,121.2877545
51334270,140,麥當勞,fast_food,25.0206230,121.3034925
3105397119,197,C.SHOP,cafe,24.9908807,121.3164612
5314325621,166,彭家牛肉麵,restaurant,25.0120475,121.2747160
5505111981,68,嘉豐小館,restaurant,25.0589820,121.3688016
3686395452,68,百八漁場,restaurant,25.0692963,121.3711732
4438541566,68,金松門素菜餐廳,restaurant,25.0578422,121.3682394
6186078004,197,鴨肉許,restaurant,24.9943486,121.3107316
3646418851,135,9號倉庫,restaurant,25.0234408,121.2246879
4969864579,148,泰泰好 泰式小館,restaurant,25.0258590,121.4240122
5802926793,68,Let's fun,restaurant,25.0588530,121.3684092
4642655190,270,大象泰式美食館,restaurant,24.9543651,121.2260347
6132429098,244,No.17,restaurant,24.9644864,121.1915080
5637382097,68,美川越南料理,restaurant,25.0590674,121.3687001
5504621681,253,85度C,cafe,24.9692287,121.3291884
6863892156,38,義美見學餐廳,restaurant,25.0764831,121.2313663
4594137286,228,日月圓森林咖啡美食,restaurant,24.9759913,121.3646750
5893901175,140,永和豆漿,restaurant,25.0164145,121.2945611
3679596427,137,高盛屋日本料理,restaurant,25.0224595,121.2612244
2127582991,246,Subway,fast_food,24.9617112,121.2250149
4420538340,330,豬血糕,restaurant,24.9181534,121.1845433
4945421756,148,明治坊,restaurant,25.0214156,121.4160301
5314324314,197,新梅龍樓,restaurant,25.0008116,121.3146724
358244698,140,打鹿岸 (Daluan),restaurant,25.0259328,121.3023749
6172831780,251,路易莎咖啡,cafe,24.9648733,121.2965324
6677060168,147,美而美,cafe,25.0166796,121.4083191
6180453866,244,吉米熊新點子早午餐,restaurant,24.9643818,121.1921102
5367580349,112,悅蜜咖啡館,cafe,25.0366874,121.2800277
4347520478,148,極鮮火鍋,restaurant,25.0193733,121.4211016
615687763,141,司麥樂義式坊,restaurant,25.0157149,121.3107268
5306047445,137,天然養身素食,restaurant,25.0189698,121.2593803
5504876684,162,茶自點,restaurant,25.0098067,121.2137492
6698380213,296,達美樂,fast_food,24.9344028,121.2564026
6132492326,244,拉亞漢堡,restaurant,24.9653923,121.1909600
6187418744,244,九品,restaurant,24.9643926,121.1905679
6180436987,244,喬慧素食,restaurant,24.9653677,121.1936642
6366861325,251,Starbucks,cafe,24.9648157,121.2988234
5806940187,420,阿姆坪餐廳,restaurant,24.8181240,121.3109279
4837022374,246,溫州大餛飩,restaurant,24.9645255,121.2255799
7342353318,147,可楓,fast_food,25.0173822,121.4094690
2402996551,137,水悅方舟,restaurant,25.0208657,121.2586662
4837022373,246,Tina 廚房,restaurant,24.9647833,121.2264543
5111082685,221,Nice nine 雙醬咖哩 內壢店,restaurant,24.9781486,121.2542599
6863892163,38,林東芳牛肉麵,restaurant,25.0775649,121.2325776
6926710300,25,橋頭小吃店,restaurant,25.0831190,121.2859502
5203912923,269,林媽媽東山鴨頭,fast_food,24.9588022,121.2148360
5505162717,68,品川小館,restaurant,25.0589776,121.3688725
3387953494,197,老家餡餅,fast_food,24.9965800,121.3169538
5826795999,68,厚切牛排,restaurant,25.0578190,121.3730462
1256688217,248,薑母鴨,restaurant,24.9685006,121.2476456
5194298126,168,參角披薩坊,restaurant,25.0068821,121.2953578
5981891155,251,墨爾漢堡,restaurant,24.9727976,121.2976026
6188849988,244,Ticket Toast 提齊 熱壓吐司,restaurant,24.9647755,121.1935361
6132471234,244,麥味登,restaurant,24.9653458,121.1935377
3007100937,244,田園美食屋,restaurant,24.9644604,121.1916545
5649481772,68,喜樂蔬食,restaurant,25.0585945,121.3697312
5981892320,196,北平大個子麵館,restaurant,24.9929138,121.3023180
6187418753,244,家鄉麵店,restaurant,24.9641226,121.1906896
2940699052,197,貝里斯義大利麵,restaurant,24.9915557,121.3141752
6682403025,199,八方雲集鍋貼水餃專賣店,restaurant,24.9935877,121.3371904
4347522053,148,現做小籠包,restaurant,25.0194084,121.4216569
5518665403,56,麥當勞,fast_food,25.0619638,121.2022065
6979211241,148,新越,restaurant,25.0245909,121.4230310
5336385374,67,舌尖吧蘭州拉麵,restaurant,25.0597477,121.3625304
5819616574,224,翔記小籠包,restaurant,24.9878033,121.2955140
2164855235,245,儷宴美食館,restaurant,24.9667823,121.2177294
3785979362,270,西西里義大利麵,restaurant,24.9561565,121.2256618
6366861324,251,彭園會館,restaurant,24.9651158,121.2987914
5314324305,197,福珍喜慶宴會美食館,restaurant,25.0008647,121.3149561
3896531867,275,甘泉魚麵,restaurant,24.9605973,121.2998246
6861080686,197,桃園大廟口蚵仔麵線,restaurant,24.9953424,121.3108876
5230173076,57,海霸王,restaurant,25.0586073,121.2115738
4420538326,330,八方雲集,restaurant,24.9189402,121.1838757
5362699021,147,Q Burger 饗樂餐飲,cafe,25.0165459,121.4082283
5961011013,67,勝博殿,restaurant,25.0662999,121.3614976
5295356368,140,百元鍋,restaurant,25.0165427,121.2944105
6187418746,244,福陞 紅油炒手,restaurant,24.9641931,121.1904657
2125568597,246,星巴克,cafe,24.9622886,121.2251379
2726659187,191,藍屋,restaurant,25.0013917,121.2288323
7076473176,248,路易沙,cafe,24.9745495,121.2557495
6894204658,87,錢都涮涮鍋,restaurant,25.0436830,121.2939575
4524863959,38,青葉食堂,restaurant,25.0777540,121.2324426
5757947330,248,cama,cafe,24.9634858,121.2568193
6180453865,244,京城韓式湯飯,restaurant,24.9642449,121.1931822
5408889461,225,達美樂,fast_food,24.9849167,121.3183365
1256674863,248,貴族世家牛排,restaurant,24.9625290,121.2559907
6172831810,197,星巴克,cafe,24.9902420,121.3115180
4420538321,330,水果店,restaurant,24.9190973,121.1835859
4452890780,147,東廚,restaurant,25.0167597,121.4026149
5061582232,271,MOS BURGER,fast_food,24.9488264,121.2358956
7075294242,221,億德大島 日式料理,restaurant,24.9768070,121.2586945
1699673360,248,福勝亭,restaurant,24.9735915,121.2527765
6247286685,246,麥當勞,fast_food,24.9624866,121.2237918
6721222612,221,四海遊龍,restaurant,24.9786798,121.2494707
6769690108,56,豐米便當,restaurant,25.0618365,121.2024969
3648423274,248,85。C,cafe,24.9637609,121.2571636
3423152877,68,星巴克,cafe,25.0597984,121.3688735
5076525192,295,禾香美食館,restaurant,24.9462469,121.2466348
5644259162,86,麥味登,restaurant,25.0423635,121.2863488
2695762364,355,海瑞貢丸,restaurant,24.9020065,121.2744246
3835575634,275,熱烈一番亭,restaurant,24.9552528,121.2979713
4524863950,39,星巴克,cafe,25.0770860,121.2330325
4937872364,197,吉豚屋,fast_food,24.9898775,121.3130135
6779687923,86,McDonald's,fast_food,25.0532199,121.2888022
6247196689,246,紐約早餐女王,restaurant,24.9627873,121.2235453
6986003886,196,J cafe',cafe,24.9999084,121.2993869
7075126610,221,瘋咖哩,restaurant,24.9765590,121.2577745
4335831139,221,九湯屋拉麵,restaurant,24.9755053,121.2553418
615802802,113,易鼎活蝦極品,restaurant,25.0292944,121.2931837
6187422335,244,九餐,restaurant,24.9707015,121.1958215
6132455195,244,內卡小館,restaurant,24.9643271,121.1931162
4421231694,148,龍安羊肉焿,restaurant,25.0211622,121.4138208
2885259994,137,竹園餐廳大竹店,restaurant,25.0246224,121.2575148
6132462947,244,銀河炒飯,restaurant,24.9652441,121.1936509
6180453863,244,傻師傅湯包,restaurant,24.9646998,121.1933577
6247189087,246,喜樂屋,restaurant,24.9632576,121.2230163
5692801366,168,夫妻肺片,restaurant,25.0145548,121.2990261
6285427572,139,四海遊龍,restaurant,25.0212983,121.2892129
6215492919,56,大興吉利鵝城,restaurant,25.0598053,121.1998630
5225758379,197,85度C,cafe,24.9905124,121.3098919
5300432025,195,Pizza Hut,restaurant,24.9896210,121.2874200
5518665407,56,三寶大腸麵線,restaurant,25.0624220,121.2012768
5635182380,68,東北斤餅牛肉麵,restaurant,25.0594376,121.3691483
6315533327,244,萊姆斯早午餐,restaurant,24.9640076,121.1905813
3534544944,57,聯成餐廳,restaurant,25.0607761,121.2069966
6132462944,244,山頂洞人,restaurant,24.9650501,121.1936381
7076557391,221,美而美早午餐,restaurant,24.9763451,121.2568049
4160340463,412,玫瑰山谷,restaurant,24.8309364,121.3037281
4426784319,148,路易莎,cafe,25.0246557,121.4235484
2135696413,141,相演燒肉,restaurant,25.0156298,121.3102655
4078501518,403,黃記餐館,restaurant,24.8459792,121.2851686
4836956910,68,阿丸,restaurant,25.0586626,121.3682935
4110756620,246,85度C,cafe,24.9624541,121.2229081
6863892151,38,95鐵板雙燒,restaurant,25.0766532,121.2314803
6793914699,47,玉女號滷肉飯,restaurant,25.0730295,121.3645586
3897771987,113,太平洋,restaurant,25.0400161,121.2916767
5313364686,347,合浦刀削麵食,restaurant,24.8992060,121.1510726
5819616579,224,羹霸王,restaurant,24.9878118,121.2946804
4945421762,148,米吉米咖啡/三明治,restaurant,25.0217351,121.4153169
5916551418,68,寶島甜不辣,restaurant,25.0591549,121.3702440
3384221911,47,星巴克,cafe,25.0728718,121.3649150
3998019454,169,開源社香雞排,fast_food,25.0110990,121.3129178
7076557397,221,冰紛樂 餐飲店,restaurant,24.9764970,121.2573963
2125593175,248,鬍鬚張魯肉飯,restaurant,24.9633107,121.2571249
3860578420,197,18號廚房,cafe,24.9914761,121.3177763
4420538318,330,咖啡店,restaurant,24.9194642,121.1837505
4160340081,413,外婆橋餐廳,restaurant,24.8300284,121.3070010
7215603234,148,四海遊龍,restaurant,25.0213627,121.4242284
2126526405,269,肯德基中壢民族餐廳,fast_food,24.9575384,121.2047348
5300414122,223,鬍鬚張魯肉飯,restaurant,24.9878601,121.2838978
5461284420,67,婆婆媽媽小吃店,restaurant,25.0603422,121.3634623
2127570122,221,廣野拉麵,restaurant,24.9786494,121.2507239
5272441921,197,美生餐室,restaurant,24.9911787,121.3110104
5449485566,168,八番岩串燒,restaurant,25.0112621,121.2976350
3423121546,68,萬里香牛肉麵,restaurant,25.0594750,121.3683698
5213821525,246,台G店,restaurant,24.9615719,121.2231863
3860582998,170,黛彼美式餐點,cafe,25.0048107,121.3220943
1265111627,271,台風烤雞,fast_food,24.9554268,121.2347932
4598396789,270,突點咖啡,cafe,24.9534960,121.2321788
6677060171,147,吉得堡早餐,cafe,25.0164628,121.4080171
7076608004,248,火車頭鐵路便當,restaurant,24.9736863,121.2601094
3281712639,2,航空港360度景觀旋轉餐廳,restaurant,25.1149030,121.2401417
5307617533,196,鄉村漢堡,restaurant,24.9909640,121.3021210
4569761611,197,嘉友水煎包,restaurant,24.9956219,121.3124770
6188286347,244,松院餐廳,restaurant,24.9670698,121.1906350
5917357408,148,咖竅 Cotcha Coffee,cafe,25.0190668,121.4223663
4361705599,42,真正好自助餐,restaurant,25.0730968,121.2856004
4867580396,140,藍媽媽早餐店,restaurant,25.0194457,121.3017473
615759898,140,星巴克,cafe,25.0162085,121.3049802
3669444091,221,拉亞漢堡,restaurant,24.9783493,121.2480742
4456116464,318,八方雲集,restaurant,24.9226366,121.2949574
51334605,169,原燒 (桃園春日店),restaurant,25.0098246,121.3110488
6440503676,148,四維包子,fast_food,25.0236565,121.4232665
6698379466,315,58c,cafe,24.9308724,121.2542206
6682358848,198,龜山豪大雞排,restaurant,24.9934575,121.3325211
5859230937,148,基隆甜不辣蚵仔麵線,restaurant,25.0253748,121.4242726
3784724036,374,Green Turn restaurant,restaurant,24.8890193,121.2994633
2695846631,337,小窩,restaurant,24.9088687,121.2839257
5637382094,68,海味平價海鮮,restaurant,25.0589097,121.3689530
5458251121,271,信福炸豬排專賣店,restaurant,24.9560949,121.2374104
4243925098,328,85度C,cafe,24.9092866,121.1468881
4400569632,373,自助餐,restaurant,24.8812405,121.2881246
4493972351,170,綠庭緣咖啡館,cafe,25.0038772,121.3357722
6132471229,244,鬼島漢堡,restaurant,24.9649763,121.1935667
4420538344,330,壽司,restaurant,24.9180484,121.1842384
5097798918,137,鄉村漢堡,restaurant,25.0216895,121.2533860
4869259455,138,百成永和豆漿,restaurant,25.0206193,121.2649405
4433579346,246,一樂拉麵,restaurant,24.9614578,121.2240746
4937872371,67,吉豚屋,fast_food,25.0661207,121.3616852
4354676266,147,早地方 早午餐,cafe,25.0187674,121.4077358
1930596516,68,麥當勞,fast_food,25.0584336,121.3666382
6132455199,244,小豬滷味,restaurant,24.9647798,121.1935771
5568870555,68,倆倆號林口長庚店,restaurant,25.0592069,121.3689556
5757947329,248,樂活飲料店,cafe,24.9645869,121.2555527
6114711438,223,爭鮮,restaurant,24.9856985,121.2855882
5269647594,196,韓味城,restaurant,24.9931894,121.2993825
1256688226,270,西堤牛排,restaurant,24.9552723,121.2257266
5352061867,198,太將鍋,restaurant,24.9964038,121.3328276
6696883009,141,梁家牛肉麵,restaurant,25.0163988,121.3166582
6721222642,248,麵屋豚介拉麵,restaurant,24.9728592,121.2559644
2316799364,141,金安徽麵館(大興店),restaurant,25.0153620,121.3099785
4214753111,294,Nice nine雙醬咖哩,restaurant,24.9472695,121.2289099
5346592511,197,出張嘴,restaurant,24.9995143,121.3091923
5612907923,140,NU PASTA,restaurant,25.0159994,121.2962306
7342353320,148,城市超大雞腿飯,fast_food,25.0171817,121.4095590
6843965892,67,尚蓋青快炒店,restaurant,25.0595415,121.3650234
2717052416,268,懶得煮,restaurant,24.9544441,121.2029397
4103345290,197,凱斯廚房,restaurant,24.9935464,121.3147882
3951611360,136,富林漢堡,restaurant,25.0232277,121.2431778
4969864582,148,斗六當歸鴨,restaurant,25.0221213,121.4227104
6225079324,148,通霄達旦,restaurant,25.0286419,121.4222797
6132492318,244,熱浪島南洋蔬食茶堂,restaurant,24.9637943,121.1917052
4081302547,373,食為先麵飯館,restaurant,24.8828386,121.2884710
6738359717,137,可可卡,restaurant,25.0230841,121.2608663
4420498230,330,小木屋,cafe,24.9193661,121.1741990
2800555927,197,吉品豆花,cafe,24.9960338,121.3153363
4103392190,197,摸油湯酒菜飯館,restaurant,25.0010164,121.3154457
5358126217,168,三媽臭臭鍋,restaurant,25.0056083,121.2953179
1256688224,270,陶板屋,restaurant,24.9553435,121.2254620
5505162718,68,森輕食堂,restaurant,25.0589449,121.3689037
4524863951,39,南洋小廚,restaurant,25.0771433,121.2329376
5819617247,251,合浦,restaurant,24.9644719,121.3053417
5645321599,68,脆皮雞排,restaurant,25.0596487,121.3686984
4432473718,140,甘日早午餐,cafe,25.0237686,121.2937774
6078472150,246,大饕客麵飯館,restaurant,24.9713949,121.2279244
6247196688,246,櫻饌坊,restaurant,24.9644866,121.2240275
6172831804,197,天下好吃牛肉麵,restaurant,24.9890897,121.3112310
7076473177,221,滷肉飯,restaurant,24.9747464,121.2556663
3835572342,275,星巴克-八德桃大門市,cafe,24.9551232,121.2974958
6863892160,38,鬍鬚張,restaurant,25.0762742,121.2315836
1706876741,221,COFFEE+咖啡家;京典專業烘焙坊,cafe,24.9788609,121.2500730
5916558934,68,品撰道,restaurant,25.0591918,121.3703010
6132471232,244,夏克奶茶,cafe,24.9650597,121.1935441
6180453862,244,真功夫 蔥抓餅,restaurant,24.9649057,121.1932544
6779687927,86,Subway 桃園南崁店,fast_food,25.0533438,121.2885769
6172831793,197,八方雲集,restaurant,24.9901861,121.3100347
7030591446,315,阿美米干,restaurant,24.9274242,121.2558058
2893949664,196,錢都火鍋,restaurant,24.9971979,121.3062546
5819611723,140,滑龍粥,restaurant,25.0165365,121.2961068
4837022203,246,丹馬克咖啡館,cafe,24.9641327,121.2248249
5451321111,168,二文日本料理,restaurant,25.0039089,121.3051268
5114438857,148,得義洋洋義餐坊,restaurant,25.0232012,121.4128718
2898556814,162,Starbucks,cafe,25.0132358,121.2152732
5301955679,197,西堤牛排,restaurant,24.9907617,121.3083846
5819616578,224,黑輪大王,restaurant,24.9877123,121.2947155
5502629505,168,花村日本料理,restaurant,25.0032982,121.2970305
7343438689,196,韓國金香烤肉,restaurant,24.9945587,121.3057708
5307620096,195,KFC,fast_food,24.9908126,121.2902120
6180436884,244,香恬園,restaurant,24.9654063,121.1936321
4524863952,39,池記,restaurant,25.0772177,121.2328738
3669444088,270,本燔野菜農場,restaurant,24.9564996,121.2251480
6863892147,38,小南門,restaurant,25.0765062,121.2317097
5635182382,68,小熊屋鬆餅,restaurant,25.0593014,121.3693008
5053060646,252,福臨小館,restaurant,24.9633732,121.3069876
7076473171,248,楊記燒臘,restaurant,24.9738286,121.2567526
4539829631,197,豐色宴小籠湯包,restaurant,24.9908508,121.3167429
5342366135,271,CU部隊鍋&BBQ,restaurant,24.9567460,121.2401405
6172831792,197,周師傅燒肉飯,restaurant,24.9906383,121.3095707
5380212894,168,這一鍋,restaurant,25.0110387,121.2972120
5893901169,140,八方雲集,restaurant,25.0167256,121.2948195
3716543697,47,圓香紅豆湯、冰,restaurant,25.0752901,121.3649760
5449485556,168,櫻桃庒海鮮料理,restaurant,25.0054327,121.2964526
5283503896,197,暢春園水煎包,restaurant,24.9974856,121.3184673
6682367478,199,仁聚牛肉麵,restaurant,24.9940317,121.3382565
5677571417,13,古山星辰親子咖啡廳,cafe,25.1022651,121.2896265
2292520435,197,貝川牛肉麵,restaurant,24.9946156,121.3127681
4570010782,137,佳鮮多時尚美食館,restaurant,25.0187535,121.2570584
6247260685,191,添好運,restaurant,25.0008358,121.2286419
5612907819,140,Pizza Hut,restaurant,25.0156308,121.2986331
6110311086,373,老阿伯現滷豆干,restaurant,24.8829673,121.2863035
3835580937,275,陶板屋-八德大和店,restaurant,24.9548087,121.2975907
1256674866,221,御鮮坊,restaurant,24.9775553,121.2482142
5906009740,68,最便宜美食坊,restaurant,25.0689235,121.3658166
5917357448,148,美味鵝肉,restaurant,25.0197338,121.4216216
5622272483,119,麵餓心膳,restaurant,25.0398846,121.3890820
1496112618,244,7-ELEVEN 學央門市,restaurant,24.9655537,121.1910118
6721931599,199,Pizza Hut,restaurant,24.9946182,121.3364049
6875064128,225,八甲地永和豆漿,restaurant,24.9851439,121.3106436
6189665810,196,山海珍炒飯炒麵,restaurant,25.0014592,121.2988747
4439833534,68,林口正饡素食,restaurant,25.0588233,121.3665815
1900432881,246,星巴克,cafe,24.9632142,121.2235133
4837022099,246,Lazy Bird 雷利彼得美式餐廳,restaurant,24.9652374,121.2236312
3767774621,197,黑丸嫩仙草,cafe,24.9909926,121.3174253
5314324304,166,摩宴婚宴會館,restaurant,25.0141025,121.2629294
2766437713,244,新陶芳,restaurant,24.9692300,121.1992968
4217227371,197,人文年代哪啡館,restaurant,24.9959291,121.3068774
4199194389,270,鰻慢來,restaurant,24.9590832,121.2243585
4845066052,271,麥當勞,fast_food,24.9589017,121.2412323
4244320590,47,小瓦罐煨湯館,restaurant,25.0703514,121.3575734
6132455190,244,幸福廚房,restaurant,24.9641778,121.1931393
5735297506,251,火鍋店,restaurant,24.9670089,121.2979217
5346592519,162,鍋亨涮涮鍋,restaurant,25.0066350,121.2134768
5645176213,86,千葉火鍋,restaurant,25.0436247,121.2913638
1933346980,91,聖馬汀咖啡,cafe,25.0557846,121.3650688
4837022324,246,八方雲集,restaurant,24.9646920,121.2255947
5057447322,251,八方雲集,restaurant,24.9633844,121.3052282
3870879973,63,麥菽ㄟ,restaurant,25.0584204,121.2950760
5502990933,148,兩支北方麵食館,restaurant,25.0195098,121.4217352
6172831791,197,老袁牛肉麵,restaurant,24.9905763,121.3094030
7076608006,248,拿坡里披薩,fast_food,24.9735538,121.2595528
5261574072,68,東方泰國小館,restaurant,25.0585365,121.3697695
7215593126,148,北港鵝肉,restaurant,25.0215998,121.4238539
2292247132,197,義麵房,restaurant,24.9948076,121.3126980
4927771921,197,麥當勞,fast_food,24.9906595,121.3130376
1256688210,270,摩斯漢堡,fast_food,24.9556644,121.2254833
5306047438,137,北一麵館,restaurant,25.0189782,121.2590048
1263451711,248,二十一世紀風味館,fast_food,24.9732257,121.2529094
5621069317,296,六扇門火鍋,restaurant,24.9416817,121.2508227
5389453200,140,鍋牛鍋物,restaurant,25.0238372,121.2958771
6132492328,244,秈春坊,restaurant,24.9654771,121.1909949
4524863559,38,丹尼斯小廚,restaurant,25.0752158,121.2325299
3897744446,112,參拾貳號,cafe,25.0399369,121.2902315
5269647589,196,江夏麵食,restaurant,24.9923851,121.3004558
2748585724,195,御家麵食館,restaurant,24.9902259,121.2799146
6187415983,244,滷味居,restaurant,24.9643972,121.1908039
5181838670,148,永和豆漿,restaurant,25.0197891,121.4208123
5336581009,68,韓之味,restaurant,25.0580283,121.3671909
5225735741,197,麥當勞,fast_food,24.9910409,121.3129741
4512974167,112,元品瑄素食坊,restaurant,25.0398569,121.2833652
5151231457,251,龜梨麵花ˇ,restaurant,24.9640959,121.2973822
3497683130,197,麥當勞,fast_food,24.9895604,121.3138619
3860578419,225,WHATEVER美式餐廳,cafe,24.9867924,121.3181178
615736707,140,Subber (經國店),fast_food,25.0164037,121.3047415
4914137771,252,香草風情,restaurant,24.9693403,121.3066935
5269647575,196,TINOS 堤諾 PIZZA Cafe,restaurant,24.9919960,121.3016590
3896531879,275,協力雞排,fast_food,24.9587135,121.2988003
4616321989,275,阿燁紅麵線,restaurant,24.9597787,121.2990098
3896980716,251,85度C,cafe,24.9624047,121.2999090
6478561431,147,漢堡大師,fast_food,25.0188459,121.4058011
6804196879,268,About Life生活食光,restaurant,24.9535099,121.2028429
6315530365,244,大中央厚切牛排,restaurant,24.9647076,121.1907025
7075294245,221,QBurger,restaurant,24.9770891,121.2590057
5826796602,119,摩斯漢堡,fast_food,25.0414341,121.3851708
4243925108,328,D2惡魔烘焙,restaurant,24.9104839,121.1455424
5819617246,251,有一間,restaurant,24.9644816,121.3049501
6087008562,196,小街意大利面,restaurant,24.9915511,121.2967763
5306047446,137,加軒屋,restaurant,25.0187411,121.2580909
5645321595,68,八方雲集,restaurant,25.0596918,121.3689587
5074887748,67,四海遊龍,restaurant,25.0667285,121.3647204
5639866634,67,墨爾漢堡長庚店,restaurant,25.0585271,121.3640263
5392836668,135,阿勃勒農莊,restaurant,25.0209085,121.2323566
6440503677,148,日船章魚小丸子,fast_food,25.0235127,121.4235333
6132471226,244,無敵蛋餅,restaurant,24.9654311,121.1935356
6132462941,244,微笑轉角,restaurant,24.9648300,121.1936370
4432477251,330,墨爾漢堡,restaurant,24.9138218,121.1808788
5271343054,196,大楊梅鵝莊,restaurant,24.9908637,121.2952170
5367519658,86,85C,cafe,25.0468960,121.2914099
5076529869,296,武田信餐館,restaurant,24.9447777,121.2483698
5681633787,110,饗悅花園餐廳,restaurant,25.0311904,121.2497412
4524863962,38,摩斯漢堡,fast_food,25.0778695,121.2323489
5906009430,68,金園便當店,restaurant,25.0687632,121.3656740
4616321789,221,好滋味麵館,restaurant,24.9751894,121.2582636
5005108278,119,麥味登,restaurant,25.0413120,121.3884895
6769785043,67,甲上燒餅,restaurant,25.0589054,121.3642234
5981891149,225,肯德基,fast_food,24.9835879,121.3188162
5291866252,169,小蒙牛,restaurant,25.0096383,121.3111381
4577125497,86,八方雲集,restaurant,25.0460986,121.2891336
4622733991,68,陳記大滷麵,restaurant,25.0590807,121.3701381
4449254902,13,星海之戀咖啡館,cafe,25.1013811,121.2890375
5300678077,141,灶腳川湘料理,restaurant,25.0160772,121.3130227
4347522052,148,雲林鵝肉大王,restaurant,25.0193392,121.4216678
5346592515,162,中壢新品牌牛肉麵食,restaurant,25.0071433,121.2134430
2713489941,268,托斯卡尼尼義大利餐廳,restaurant,24.9526225,121.1939429
5449485548,168,Starbucks,cafe,25.0117557,121.2985922
4354215423,140,六號咖啡館,restaurant,25.0157137,121.2974637
5428346438,198,台北永和豆漿大王,restaurant,24.9886823,121.3248639
4156554947,148,Starbucks,cafe,25.0265665,121.4175708
6189665800,196,十八子烤鴨,restaurant,24.9998263,121.3008026
2773537142,197,陸軍小館,restaurant,24.9971451,121.3182741
6919459907,68,勝政豬排,restaurant,25.0599583,121.3697031
5801921761,372,老地方客家菜,restaurant,24.8913781,121.2731141
4825406703,68,星巴克,cafe,25.0579894,121.3659467
2292527952,197,佳淳速食連鎖,fast_food,24.9943845,121.3130141
2633113101,244,饕客滷味,restaurant,24.9651912,121.1935423
5174738848,275,婷亭自助冰城,restaurant,24.9595448,121.2961293
4147166586,137,韓鼎韓國烤肉,restaurant,25.0253285,121.2576838
6180453861,244,來客,restaurant,24.9648787,121.1932982
5917357458,148,好品味家傳牛肉麵,restaurant,25.0244795,121.4235733
4836110522,374,有雞料理,restaurant,24.8901449,121.3019091
5362689123,147,碧泉越南美食,restaurant,25.0166947,121.4086523
5455666188,299,85度c,cafe,24.9474293,121.2974663
1706912408,221,羊霸天下羊肉爐吃到飽,restaurant,24.9784831,121.2484733
5269647598,196,合浦刀切麵食,restaurant,24.9952700,121.3001204
3242067185,147,McDonald's,fast_food,25.0170010,121.4025075
4078501517,403,天池沙鍋魚頭,restaurant,24.8461301,121.2851432
4243925111,328,東海排骨,restaurant,24.9091892,121.1452165
1256649799,248,麥當勞,fast_food,24.9626985,121.2562605
3896531881,275,爭鮮迴轉壽司,restaurant,24.9581658,121.2992130
5859230948,148,鐵板城現炒便當,restaurant,25.0248279,121.4237158
5283503898,197,好歐早午餐,restaurant,25.0004218,121.3170757
5621080655,296,孫媽媽私房菜,restaurant,24.9425191,121.2500056
3492756973,244,香城燒臘,restaurant,24.9648861,121.1935238
4217227375,196,三民永和豆漿大王,restaurant,24.9957027,121.3060533
4867580373,140,托斯卡尼尼義式餐廳,restaurant,25.0166841,121.2980463
4070052328,112,生猛特區啤酒屋,restaurant,25.0383242,121.2833919
3333526386,197,隨緣小吃,restaurant,24.9994421,121.3108815
2694287026,337,客滿堂,restaurant,24.9100336,121.2793506
6867463766,310,餐飲區,restaurant,24.9250556,121.1804760
6863892148,38,老媽拌麵,restaurant,25.0764345,121.2317016
4347522051,148,MOS Burger 摩斯漢堡,fast_food,25.0199268,121.4213478
1806431415,197,艾提咖啡,cafe,24.9914369,121.3137515
1256688209,248,85度C,cafe,24.9733927,121.2590181
1256688216,270,霸王豬腳,restaurant,24.9609723,121.2231302
3785979361,269,日寶蔥油餅,restaurant,24.9589213,121.2147725
4383814415,271,Sukiya,restaurant,24.9549588,121.2359963
5306047448,137,早餐學苑,restaurant,25.0186528,121.2600002
6180453867,244,鴻樂,restaurant,24.9644331,121.1918619
1260942580,246,摩斯漢堡,fast_food,24.9631655,121.2238865
4104417399,221,來我家吃PIZZA,restaurant,24.9780686,121.2541259
6871683779,197,廟後好福記蚵仔麵線,restaurant,24.9952913,121.3105470
3007100939,244,Ale,restaurant,24.9646459,121.1933200
2125612133,271,85度C,cafe,24.9555144,121.2357158
3111240896,197,阿里巴巴ㄉㄜ˙廚房,restaurant,24.9916762,121.3144850
6079170293,196,Louisa Coffee,cafe,24.9920277,121.3028382
1911706790,197,星巴克,cafe,24.9899434,121.3139653
5269647601,196,星巴克,cafe,24.9944582,121.3020546
2893949615,196,麥當勞,fast_food,24.9924532,121.3061526
6079170292,197,明德素食圆 Minder Vegetarian Buffet,restaurant,24.9897436,121.3108562
5309788282,315,唐記雲南米干,restaurant,24.9300937,121.2537392
6187418742,244,漢林大漢堡,restaurant,24.9645276,121.1906021
5819616576,224,城市旅人,restaurant,24.9875979,121.2947482
6187416485,244,達啵廚房,restaurant,24.9641934,121.1906961
3511718809,329,西堤,restaurant,24.9081780,121.1676217
4452890777,147,八方雲集,fast_food,25.0169573,121.4023098
5518665410,56,KFC,fast_food,25.0623629,121.2014291
5645321597,68,豆鮮味林口長庚店,restaurant,25.0596265,121.3687146
5826793061,92,宥心,restaurant,25.0532565,121.3775584
2810344866,197,舒果新米蘭蔬食 (桃園大同店),restaurant,24.9899154,121.3138084
6180436882,244,饌食園,restaurant,24.9652433,121.1935428
6187418749,244,美式早餐屋,restaurant,24.9642393,121.1907245
5300678079,223,樹太老定食,restaurant,24.9857229,121.2857001
5981892318,196,艾波堤早午餐,restaurant,24.9943566,121.2998061
5304951144,198,呷尚寶JSP,restaurant,24.9918241,121.3225988
4354676314,147,萬家鄉,cafe,25.0184769,121.4066221
6247193086,246,三合院,restaurant,24.9627273,121.2233983
6076064363,168,力行素食,restaurant,25.0024379,121.3021304
6132455194,244,香煎小舖,restaurant,24.9641514,121.1931113
4665107329,270,炙燒,restaurant,24.9584651,121.2234818
5143218908,356,大溪賴祖傳豆花,restaurant,24.8982048,121.2779577
3758956532,199,茗家軒越式美食館,restaurant,24.9951789,121.3379399
4432488195,296,小肥鵝,restaurant,24.9458247,121.2481797
5076581515,295,幸福早餐,restaurant,24.9458785,121.2471513
5352061878,198,野味烤雞腿飯,restaurant,24.9930372,121.3254331
4354676315,147,香社美食,restaurant,25.0184589,121.4065600
5300492122,223,Starbucks,cafe,24.9850090,121.2856670
615657575,197,五斗米廣東粥,restaurant,24.9983322,121.3086645
5134999121,245,雷爾森咖啡,cafe,24.9637925,121.2131127
5981892316,196,雲泰館過橋米線,restaurant,24.9936747,121.2993675
5624488639,68,綠品原健康蔬食長庚店,restaurant,25.0597280,121.3689385
5819617242,251,Daisy Cafe,cafe,24.9655685,121.3049045
5300431434,195,三媽臭臭鍋,restaurant,24.9884191,121.2850160
3585288125,223,石雨咖啡,cafe,24.9875888,121.2880135
4185666577,169,懷珍饌涼麵,restaurant,25.0127650,121.3098033
6875064134,197,源士林粥品,restaurant,24.9892161,121.3128671
6900290887,87,一燒十味昭和園,restaurant,25.0508125,121.2945557
6166393941,196,孫東寶台式牛排專賣店,restaurant,24.9920028,121.3005645
6900291016,113,優吐早餐,restaurant,25.0411071,121.2921926
5135527421,270,坐著做すし握壽司,restaurant,24.9610585,121.2212770
6247166987,329,摩斯漢堡,fast_food,24.9082359,121.1684870
3497593878,197,我家牛排 桃園春日店,restaurant,24.9956365,121.3162970
3835584427,275,石頭日式燒肉,restaurant,24.9553801,121.2986045
5502990921,148,中壢新明牛肉麵,restaurant,25.0207028,121.4175785
6247283385,246,饗食天堂,restaurant,24.9627434,121.2238092
4277775468,62,港點六師,restaurant,25.0572688,121.2779488
6315531187,244,竹香自助餐,restaurant,24.9644116,121.1912468
1256649808,248,肯德基KFC,fast_food,24.9632153,121.2569735
5819616568,196,85度C Daily Coffee,cafe,24.9882183,121.2945666
5644259194,112,拉亞漢堡,restaurant,25.0411752,121.2858278
3835588188,275,千葉火鍋,restaurant,24.9546153,121.2984961
7076473167,248,新竹吳家鴨香飯,restaurant,24.9741787,121.2575090
2633108231,270,潮肉炭火燒肉,restaurant,24.9594420,121.2226189
5811751440,169,八方雲集,restaurant,25.0135259,121.3180321
1263466794,221,一畝田水餃,restaurant,24.9768345,121.2551285
3325977687,141,北方麵食小點館,restaurant,25.0158194,121.3168959
5296110221,170,鹿點咖啡,cafe,25.0042818,121.3246515
5975802245,119,大呼過飲,restaurant,25.0402517,121.3891431
6132455198,244,瑞麟美而美,restaurant,24.9645816,121.1934176
6247222389,191,漢堡王,fast_food,25.0009912,121.2289245
6172831785,275,THE BurgeR HousE 美式漢堡餐廳,restaurant,24.9562749,121.2984610
3356098189,249,11鄰小館,restaurant,24.9642619,121.2648674
5981892313,196,早稻田涮涮鍋,restaurant,24.9933477,121.2993608
3128981428,270,hot7 中壢中美店,restaurant,24.9597794,121.2238983
6839372967,351,85度C,cafe,24.8991959,121.2107158
3785979368,270,星巴克,cafe,24.9559840,121.2248191
5301497821,168,泰集泰式料理,restaurant,25.0141107,121.3002068
6237829885,196,小廚師牛肉麵專賣,restaurant,24.9908717,121.3023344
4243925103,328,新竹鴨肉面,restaurant,24.9084124,121.1459100
6894204656,87,肯德基,fast_food,25.0439527,121.2942445
5811744246,248,魯肉飯,restaurant,24.9690644,121.2477878
6132492324,244,隨緣餐廳,restaurant,24.9649534,121.1910384
3998019453,197,開源社香雞排,fast_food,24.9956013,121.3138862
5408889464,225,Pizza Hut,restaurant,24.9824670,121.3191613
5091519768,68,半邊圓,restaurant,25.0685847,121.3663547
7076607989,248,孫東寶台式牛排,restaurant,24.9732706,121.2572891
5306047441,137,品鮮拉麵店,restaurant,25.0186538,121.2598885
3835588189,275,千葉火鍋,restaurant,24.9546153,121.2984961
6132475998,244,美味王,fast_food,24.9652227,121.1936522
6518587917,285,許廚師,restaurant,24.9382210,121.0884688
5314325622,198,一燒七味燒肉,restaurant,24.9956139,121.3240443
2694315577,337,麥味登精緻早餐,restaurant,24.9102759,121.2797638
6863892152,38,六寶雲吞麵食,restaurant,25.0766665,121.2314361
5449485568,168,廣德平價海鮮餐廳,restaurant,25.0099625,121.2968999
615657588,197,老賊壽司,restaurant,24.9977282,121.3092846
6900281876,294,豆魚町露天碳烤,restaurant,24.9428204,121.2273972
6979198653,148,麥卡多漢堡店,restaurant,25.0243184,121.4230780
4160651792,87,布諾咖啡,restaurant,25.0449538,121.2922567
3123907709,87,李西餐廳,restaurant,25.0475589,121.2939759
3792883482,68,摩斯漢堡,fast_food,25.0582980,121.3664626
2736316178,244,人行道健康蔬食,restaurant,24.9643943,121.1923840
5917357169,148,隨緣齋,restaurant,25.0196449,121.4215872
6247220192,191,了凡香港油雞燒臘,restaurant,25.0015435,121.2284065
5811751445,169,永和豆漿,restaurant,25.0128964,121.3184801
6278990372,199,厚呷牛排,restaurant,24.9968005,121.3446098
6315517816,244,八哥重慶酸辣粉,restaurant,24.9637904,121.1907507
5097798905,137,霸味薑母鴨,restaurant,25.0178286,121.2568126
5449485547,168,一番地,restaurant,25.0115019,121.2980568
4940397534,275,晴海居食屋,restaurant,24.9550967,121.2970455
5348768974,223,千葉火鍋,restaurant,24.9840712,121.2785281
4867580398,140,爭鮮,restaurant,25.0174301,121.2970449
2800555928,197,玉口香扁食園,restaurant,24.9959634,121.3150619
5195339821,68,紅門蚵仔麵線,restaurant,25.0594130,121.3691927
6315521680,244,中壢正新明牛肉麵,restaurant,24.9650117,121.1910015
6186066950,197,姜家潤餅,fast_food,24.9902281,121.3144090
3951610952,136,寶鋐早午餐,restaurant,25.0223190,121.2423154
4867580395,140,石二鍋,restaurant,25.0193357,121.3014484
1887822382,137,85'C咖啡,cafe,25.0223932,121.2614748
4185666579,299,貴族世家,restaurant,24.9448546,121.2971362
4103393189,197,享巷 Enalley cafe,restaurant,24.9890665,121.3116276
4937872400,67,頂呱呱,fast_food,25.0661444,121.3617816
5961011585,92,台北永康豬腳,restaurant,25.0518335,121.3694312
5369844013,197,四海遊龍,restaurant,24.9970936,121.3119749
4838344653,163,海王子海釣場,restaurant,25.0116923,121.2279311
6187415982,244,熟檸檬食肆,restaurant,24.9644392,121.1908222
4347522006,148,炒羊肉,restaurant,25.0196838,121.4206810
1260990185,162,McDonald's,fast_food,25.0127850,121.2144503
2125593912,248,鮮五丼,restaurant,24.9734455,121.2526384
7215539583,148,早午餐,restaurant,25.0249070,121.4230539
4927771823,197,肯德基,fast_food,24.9905665,121.3128546
7076557390,221,歐軒尼克早午餐,restaurant,24.9763244,121.2567379
7075126613,248,簡單吃素疏食,restaurant,24.9746163,121.2580656
5470705121,373,全家福宴會廳,restaurant,24.8852080,121.2801089
4851290482,82,看機機複合式餐廳,restaurant,25.0552787,121.2190526
4524863961,38,GODIVA,cafe,25.0777333,121.2322980
4347522067,148,三媽臭臭鍋,restaurant,25.0192211,121.4219961
6187418743,244,米樂義大利,restaurant,24.9644589,121.1905665
2125626853,270,cama咖啡,cafe,24.9553248,121.2256253
5805935468,68,灰熊好丼,restaurant,25.0588863,121.3684094
7314808937,147,漢堡大師,fast_food,25.0172653,121.4033492
6187418748,244,白胡子牛排館,restaurant,24.9641071,121.1905676
1895025220,221,角子虎水餃館,restaurant,24.9797836,121.2504104
6769690112,56,85度c,cafe,25.0639236,121.1972451
2126526406,244,小木屋鬆餅,cafe,24.9699622,121.1934112
4800877783,68,鬍鬚張,restaurant,25.0588064,121.3654866
5893901170,140,四海豆漿大王,restaurant,25.0166358,121.2950496
5645321600,68,可久居鍋之物,restaurant,25.0596177,121.3686993
5983046712,251,85度C,cafe,24.9626228,121.2999429
2135704821,169,麻瓜餐廳,restaurant,25.0150051,121.3065368
4196408474,244,迷路義麵屋,restaurant,24.9646626,121.1906778
5316405365,119,3號食堂,restaurant,25.0397452,121.3880599
7076473165,248,日本拉麵,restaurant,24.9736292,121.2561920
5406899512,137,豆磨鍋物,restaurant,25.0246924,121.2558278
7342353321,147,大眾素味,fast_food,25.0173104,121.4095032
4420538337,330,稀飯,restaurant,24.9181442,121.1843441
4746784323,140,壽喜燒,restaurant,25.0200493,121.3034790
2633108216,270,艾隆義大利麵,restaurant,24.9573648,121.2226069
5981892310,196,HARWANA COFFEE,cafe,24.9930025,121.2995996
4420538342,330,麻糬,restaurant,24.9180115,121.1841794
1455760853,113,星巴克,cafe,25.0402193,121.2951124
6868909592,310,餐飲區,restaurant,24.9257450,121.1803438
4327593990,168,鶯桃肉圓,restaurant,25.0055176,121.3043285
4103380390,197,車站腿庫飯,restaurant,24.9894213,121.3117483
4079996805,373,覓幽然,cafe,24.8863662,121.2867782
4430210890,148,新莊四維素食,restaurant,25.0210479,121.4242489
6132492330,244,27秀梅,restaurant,24.9650788,121.1908682
5961011011,67,丸虎小館,restaurant,25.0663263,121.3616540
5450871446,67,五味正港羊肉爐,restaurant,25.0601685,121.3620432
5449485560,168,肯德基,fast_food,25.0101092,121.2965285
5819616573,224,早安美芝城,restaurant,24.9879007,121.2958269
6843949410,63,早餐店,restaurant,25.0559526,121.2981855
4362830462,25,八方雲集,restaurant,25.0842118,121.2861354
1455761063,113,摩斯漢堡,fast_food,25.0403255,121.2950858
5151230585,251,麥斯漢堡,fast_food,24.9679413,121.2947999
5302983918,113,無名早餐店,restaurant,25.0313650,121.3039087
5612907922,168,星巴克,cafe,25.0146560,121.3006060
5811751443,169,溫州大餛飩,restaurant,25.0132707,121.3181099
3716543698,47,狀元切仔麵,restaurant,25.0752184,121.3650911
5026556843,147,四海遊龍,fast_food,25.0174476,121.4027066
5076568176,295,羊肉爐,restaurant,24.9462689,121.2461896
5709118736,68,巧合珍牛肉麵,restaurant,25.0593818,121.3690231
6863892155,38,富山黑拉麵,restaurant,25.0765900,121.2314428
3870858476,87,雜耍食物(50元拉麵),restaurant,25.0483219,121.2922838
5099542466,138,來來鵝肉店,restaurant,25.0208097,121.2645933
6187418751,244,Daddy's美式餐廳,restaurant,24.9636874,121.1907647
4727092986,270,舒果新米蘭蔬食,restaurant,24.9583784,121.2262275
6075982874,196,My Flip Dessert & Coffee,cafe,24.9930424,121.2949195
7076473151,248,中壢新明牛肉麵,restaurant,24.9729678,121.2578228
5661007796,68,巧味溫州大餛飩,restaurant,25.0589160,121.3694259
4111777089,197,心開素食坊,restaurant,24.9886057,121.3090839
2887534504,136,潮州炒板條,restaurant,25.0210137,121.2386034
7342353317,147,巷子口水煎包,fast_food,25.0174732,121.4094196
1265312575,191,星巴克咖啡,cafe,25.0013758,121.2289232
6132455193,244,太祖魷魚羹,restaurant,24.9642216,121.1930440
6843943862,225,阿燁麵線,restaurant,24.9835392,121.3188386
6366861326,251,轉角Corner 17,restaurant,24.9641998,121.3007039
3300698696,169,玖樓燒肉料理,restaurant,25.0150230,121.3093019
5238108773,218,勇伯台灣羊庭園餐廳,restaurant,24.9820756,121.2105938
2713489940,268,綠風草原餐廳,restaurant,24.9521802,121.1913614
5232874814,224,八方雲集,restaurant,24.9822457,121.3039284
3640937666,64,吉本土雞城-南崁店,restaurant,25.0608670,121.3171996
6024243277,195,為伴餐桌,restaurant,24.9881832,121.2875473
6682355664,198,饗厚牛排 龜山店,restaurant,24.9934992,121.3327969
5307617534,196,拉亞漢堡,restaurant,24.9912065,121.3022482
7075294240,221,悟食水餃專賣店,restaurant,24.9767389,121.2584451
4452890781,147,五路鍋聖,restaurant,25.0168623,121.4025869
2125624109,270,吼牛排,restaurant,24.9605336,121.2277067
4495762650,112,Judy Cafe & Play,restaurant,25.0316408,121.2898767
5316405851,119,麥味登龜山文青店,restaurant,25.0396864,121.3880512
7076607985,248,QBurger早餐店,restaurant,24.9735976,121.2576565
4845760999,67,倆倆號,restaurant,25.0663458,121.3614590
2594650871,268,85度C,cafe,24.9559867,121.2028513
5811744249,248,復華餐廳,restaurant,24.9687217,121.2478569
2897284623,137,Pizza Hut,restaurant,25.0234104,121.2603453
5802926791,68,刈包,restaurant,25.0587236,121.3682229
6863892159,38,富山黑拉麵,restaurant,25.0763131,121.2315098
5313112283,165,三商巧福,restaurant,25.0042425,121.2513755
5225735720,197,原燒,restaurant,24.9898381,121.3106723
6863892153,38,這味泰泰,restaurant,25.0766289,121.2314200
4160338753,175,青龍山土雞餐聽,restaurant,25.0035773,121.3954754
4347522008,148,蒔桐拉麵,restaurant,25.0197366,121.4205314
5916557407,68,展仙草,restaurant,25.0591269,121.3701954
5151659852,68,傻師父湯包,restaurant,25.0586046,121.3679699
615687792,141,家居小館,restaurant,25.0161212,121.3113056
6189665799,196,華品薑母鴨,restaurant,24.9998968,121.3006175
6677060172,147,大聯盟,cafe,25.0164640,121.4079755
6245963180,119,MQ元氣house,restaurant,25.0394465,121.3900848
3785979369,270,阿雄切仔麵,restaurant,24.9561803,121.2255170
6172831809,197,盧卡斯炭烤牛排,restaurant,24.9893498,121.3115072
3424900064,412,天御花園餐廳,restaurant,24.8299956,121.3062833
4114324890,169,輕食煮藝素食自助餐,restaurant,25.0111176,121.3130271
6132492325,244,麥堡堡早點,restaurant,24.9649972,121.1908195
4808912849,147,瑞祥川味牛肉麵,restaurant,25.0166447,121.4081824
6247244185,191,Paul,cafe,25.0009354,121.2287582
5819617244,251,半個鍋,restaurant,24.9655612,121.3051567
2316801183,141,3Q脆皮雞排,fast_food,25.0155814,121.3109571
6187418747,244,萊客堡早午餐,restaurant,24.9641502,121.1905562
5819599441,112,六街義大利麵,restaurant,25.0395780,121.2899938
3669444092,248,民安牛肉麵,restaurant,24.9723149,121.2546889
5819599442,112,一芳快炒,restaurant,25.0398801,121.2911511
7076557385,221,禾熹麵館,restaurant,24.9760679,121.2558313
1263458586,221,和熹涮涮鍋,restaurant,24.9759787,121.2556971
5917357478,148,好農夫自助餐,restaurant,25.0210992,121.4222633
5194298127,140,Bistrot Latini 義大利小館,restaurant,25.0159847,121.3019505
7115856665,148,佳佳越南美食,restaurant,25.0214885,121.4238730
5065465956,381,山水緣庭園景觀餐廳,restaurant,24.8712113,121.1651807
2316803860,141,50嵐泡沫紅茶店,fast_food,25.0156592,121.3106057
6839576975,268,星巴克,cafe,24.9569096,121.2030441
3104850863,197,發記關東煮,restaurant,24.9903825,121.3096334
1699673355,248,Starbucks Coffee,cafe,24.9724243,121.2533527
5362938614,162,刀切麵食工坊,restaurant,25.0075716,121.2134400
5458274921,271,Slobber思樂伯洋食總匯,restaurant,24.9555342,121.2412268
5504404333,351,麥當勞,fast_food,24.9005994,121.2107371
6696883017,141,鬍鬚張滷肉飯,restaurant,25.0154570,121.3168220
6163441076,92,參星屋,restaurant,25.0521255,121.3698328
4420538323,330,85度C,cafe,24.9196209,121.1840758
4811600968,67,道穎小館,restaurant,25.0573997,121.3611680
4911844424,270,曾水煎包,restaurant,24.9541861,121.2202990
2766437711,244,友竹居,restaurant,24.9684013,121.2013934
6189665794,196,谷林鐵板燒,restaurant,24.9973802,121.3059115
7076473160,248,三顧毛蘆,restaurant,24.9734177,121.2565488
1265312574,191,T.G.I. Friday's,restaurant,25.0012494,121.2284299
7108601667,148,SOYoung,restaurant,25.0248177,121.4239275
5836263052,68,界香美食,restaurant,25.0587635,121.3698511
5612907820,140,恆八味屋,restaurant,25.0157313,121.2985838
6677060167,147,呷尚寶 JSP,cafe,25.0165121,121.4081428
2162043721,270,田季發爺燒肉,restaurant,24.9602061,121.2205365
5793231255,373,賴媽媽豆花,restaurant,24.8829363,121.2868215
5300678081,223,McDonald's,fast_food,24.9854745,121.2856128
2695846649,356,四海遊龍鍋貼專賣店,restaurant,24.9002460,121.2840425
5166835587,275,拿波里pizza,fast_food,24.9579397,121.2993978
5698337062,13,151高地,restaurant,25.1019352,121.2912536
3951611357,136,湯翅美食專賣店,restaurant,25.0234355,121.2434980
6245967436,119,敘事咖啡,cafe,25.0393489,121.3906963
6682377148,198,50嵐,cafe,24.9925706,121.3358160
7432051373,195,Starbucks,cafe,24.9995306,121.2881149
5325346146,138,小吃站,restaurant,25.0195546,121.2661163
3785979370,270,小蒙牛火鍋,restaurant,24.9564624,121.2259021
7217108218,248,大心,restaurant,24.9731099,121.2528917
5451321089,197,源士林粥品,restaurant,24.9993904,121.3079913
4616321689,272,緣生緣早餐店,restaurant,24.9498306,121.2606082
5519686324,67,文化永和豆漿,restaurant,25.0671321,121.3648535
6075015452,196,Café8,cafe,24.9899730,121.2930873
6187960796,197,閱讀柒年,cafe,24.9928214,121.3118031
5269647603,196,甘泉魚麵,restaurant,24.9936455,121.3031952
5558279792,119,WD 我的早餐,restaurant,25.0395839,121.3893139
4156555094,147,中壢周記牛肉麵,restaurant,25.0188331,121.4079610
3344038909,197,田季發爺 桃園成功店,restaurant,24.9932098,121.3136057
4156554948,148,鬍鬚張,restaurant,25.0264692,121.4175544
3007100940,244,韓林,restaurant,24.9645569,121.1932753
5225735712,197,MOS漢堡,fast_food,24.9901519,121.3121961
5336379763,67,早點,restaurant,25.0602256,121.3622202
1296244973,269,永川牛肉麵,restaurant,24.9564362,121.2170757
5269647600,196,TINA咖啡,cafe,24.9945534,121.3018479
7013758985,271,御冠園鮮肉湯包專賣店,fast_food,24.9556502,121.2406049
5076581505,295,蔥蔬餅,restaurant,24.9460554,121.2469905
3792883483,68,Comebuy,cafe,25.0589284,121.3697207
4432809386,222,85度C,cafe,24.9752808,121.2720036
3497594703,197,都鮨料亭,restaurant,24.9952793,121.3162815
6247211785,246,瓦城,restaurant,24.9625717,121.2234477
5314325626,196,Domino's Pizza,restaurant,24.9985184,121.3036596
6721222611,221,白鬍子牛排,restaurant,24.9779650,121.2478561
1260990187,162,摩斯漢堡,fast_food,25.0126391,121.2146649
5568836032,68,A店排骨,restaurant,25.0580154,121.3692404
4607641001,39,華航貴賓室,restaurant,25.0819022,121.2369354
5917357184,148,三顧茅廬,restaurant,25.0191982,121.4226480
4070052324,111,黃金海岸,restaurant,25.0309503,121.2692535
6682400290,199,黑武藏十元壽司 龜山店,restaurant,24.9938441,121.3372713
1256688211,221,拎杯咖啡,cafe,24.9773510,121.2505316
5805935466,68,九品莊食堂,restaurant,25.0590188,121.3685978
1263451714,248,爭鮮迴轉壽司,restaurant,24.9733517,121.2526956
5151230604,251,鍋神日式涮涮鍋,restaurant,24.9659477,121.2944645
5005108214,67,MOS漢堡,restaurant,25.0660528,121.3616282
6863892150,38,了凡油雞飯.麵,restaurant,25.0765912,121.2316037
5635182383,68,源士林長庚店,restaurant,25.0596277,121.3690067
5307620084,196,錢都涮涮鍋,restaurant,24.9908217,121.2916075
5352061873,198,八方雲集,restaurant,24.9961923,121.3312302
5859230934,148,台西鵝肉,restaurant,25.0254454,121.4240875
4243925110,328,八方雲集,restaurant,24.9091301,121.1450862
6105022041,196,素食,restaurant,24.9897136,121.3044469
4209308443,140,大本營海鮮,restaurant,25.0282443,121.2926450
5917357451,148,王功快炒,restaurant,25.0227765,121.4230404
5367519657,87,摩斯漢堡,fast_food,25.0474945,121.2917941
6315532808,244,健康美食館,restaurant,24.9647964,121.1909519
1707844684,197,新民肉圓米粉湯,restaurant,24.9939877,121.3111329
6187415984,244,歐姆萊斯,restaurant,24.9642892,121.1907476
1256688214,221,野味碳烤燒肉飯,restaurant,24.9759019,121.2553811
2694608226,356,喬口福臭臭鍋,restaurant,24.9055933,121.2812891
2135692590,141,蚵仔仁,restaurant,25.0174289,121.3109467
6769785041,67,餃子樓中樓,restaurant,25.0591453,121.3640028
1260942597,270,肯德基,fast_food,24.9541857,121.2256268
7076512984,248,麥味登早餐店,restaurant,24.9738067,121.2581634
6087008561,196,永承素食饭,restaurant,24.9914473,121.2968269
6132429099,244,紅樓,restaurant,24.9647406,121.1907168
6132441136,244,夠義式,restaurant,24.9642021,121.1931649
5757947332,248,Lilia Cafe,restaurant,24.9645722,121.2566057
4367062190,328,拿坡里披薩,restaurant,24.9122284,121.1459097
4800877811,119,伯朗咖啡館,cafe,25.0351968,121.3889982
4243925106,328,食品行,restaurant,24.9079684,121.1456385
4081302489,373,里長嬤碗粿,restaurant,24.8854019,121.2870594
5325346147,138,津鍋健康鍋,restaurant,25.0193776,121.2658765
5174779124,251,六十甲飯麵館,restaurant,24.9627707,121.2926120
4611171182,139,台灣番鴨牧場,restaurant,25.0205261,121.2779009
6024243278,223,大戸屋,restaurant,24.9857367,121.2857751
6838461631,329,85度C,cafe,24.9081358,121.1693434
6132462948,244,一品鍋,restaurant,24.9654281,121.1936317
2135707280,141,石二鍋,restaurant,25.0154367,121.3104272
6863892149,38,牛丁次郎坊,restaurant,25.0764491,121.2316332
3492752725,244,胡思咖啡,cafe,24.9645339,121.1912451
6215492918,56,八方雲集,restaurant,25.0657683,121.1971559
5709118737,68,西門町楊排骨酥麵,restaurant,25.0593766,121.3692115
6912226785,317,林檬食堂,restaurant,24.9312142,121.2842311
7215593192,148,晶晶越南美食,restaurant,25.0215415,121.4237578
5104411115,251,八方雲集,restaurant,24.9688271,121.2949312
5637382089,68,張家魷魚羹魯肉飯,restaurant,25.0588185,121.3690335
6682346654,198,85度C咖啡蛋糕,restaurant,24.9939658,121.3335685
7076473169,248,億鑫涼麵,restaurant,24.9741203,121.2573454
3028978011,86,貴族世家台茂店,restaurant,25.0538260,121.2848792
5395418714,225,德芳美,restaurant,24.9856439,121.3155920
1263466797,221,老先覺麻辣窯燒鍋,restaurant,24.9768832,121.2548388
6180453870,244,米豆Mido,restaurant,24.9648842,121.1907898
4335755846,248,丸龜製麵,restaurant,24.9732091,121.2527834
7076473166,248,1968食堂,restaurant,24.9743051,121.2578496
5302997965,113,長溪自助餐,restaurant,25.0306362,121.3042295
6132492320,244,樂活堡,restaurant,24.9643538,121.1907687
4200430296,140,樂 Raku Oden,restaurant,25.0205530,121.2958583
3897771988,113,甘泉魚麵,restaurant,25.0397580,121.2921484
5143233424,372,American 美式早餐屋,restaurant,24.8844321,121.2682078
3494724803,318,僑愛樓美食堂,restaurant,24.9222305,121.2945735
4243925100,328,福廣燒臘,restaurant,24.9080984,121.1454452
6697694498,47,基隆海鮮屋,restaurant,25.0733647,121.3605610
2304461312,294,阿田海產店,restaurant,24.9442607,121.2192626
4797984167,139,Two Monkeys Brunch,restaurant,25.0172597,121.2909955
7130233214,147,云盛豆漿,fast_food,25.0181796,121.4090755
5300425821,223,Domino's Pizza,fast_food,24.9881117,121.2844378
5300864963,415,大壩頂水庫活魚,restaurant,24.8121298,121.2472792
4836957184,68,木屋雞蛋糕,restaurant,25.0587077,121.3682544
6024243276,223,浪漫廚房,restaurant,24.9881194,121.2873613
6180453871,244,哈堡堡,restaurant,24.9648057,121.1911325
5502990935,148,八方悅鍋物 四維店,restaurant,25.0201589,121.4213924
6180436881,244,Enf-健康輕食餐,restaurant,24.9652852,121.1935389
6769785042,67,胖老爹,restaurant,25.0592143,121.3639658
4941443933,135,輕鬆點平價美食,restaurant,25.0203796,121.2310147
4214786598,270,越味香—牛肉河粉,restaurant,24.9490579,121.2299338
2633105192,248,圓壽司,restaurant,24.9730528,121.2563703
6900291015,86,圖索咖啡蓋子,cafe,25.0427195,121.2870227
5285331935,168,燒肉同話,restaurant,25.0142398,121.2992087
5811751439,169,11町木,restaurant,25.0139561,121.3177532
4535189704,272,一番鍋,restaurant,24.9571854,121.2477779
6114711439,195,太田屋,restaurant,24.9888218,121.2868505
5193343592,251,美芝城,restaurant,24.9635477,121.3041395
6863892161,38,呷七碗,restaurant,25.0762195,121.2316560
4397103321,251,拉亞漢堡,restaurant,24.9636772,121.2951883
3918280139,248,四海豆漿,restaurant,24.9699506,121.2572460
5502603938,168,稻之火鍋,restaurant,25.0075111,121.3030898
4214785591,270,我家牛肉麵,restaurant,24.9487135,121.2291265
7016192517,148,馥鼎排骨酥麵,restaurant,25.0248534,121.4236171
4893314223,168,王品同德店,restaurant,25.0140748,121.3000854
2712126707,268,Hillside Grill 山丘餐廳,restaurant,24.9606446,121.1909430
3896896039,199,McDonald's,fast_food,24.9984408,121.3450510
3684310620,68,肯德基,fast_food,25.0590025,121.3676415
6132492319,244,阿米玲食堂,restaurant,24.9644794,121.1908458
5458238622,271,東東麵館,restaurant,24.9554900,121.2355525
6720093287,190,正麥啤酒餐廳,restaurant,25.0010895,121.2033109
4108831611,373,百年油飯,restaurant,24.8838153,121.2879899
4524864078,68,林口牛肉麵,restaurant,25.0690128,121.3708867
4997525692,275,來來牛肉麵,restaurant,24.9575773,121.3016084
5951200443,141,玖樓鍋物,restaurant,25.0158211,121.3125308
5906009896,68,雞排老爹,restaurant,25.0687272,121.3656474
2748617769,195,85度C Daily Coffee,cafe,24.9909745,121.2797506
5225735709,197,福利川菜,restaurant,24.9898670,121.3119452
5961011215,92,海龍小吃店,restaurant,25.0520571,121.3697506
2125608271,270,福勝亭,restaurant,24.9557722,121.2251714
5269647563,196,三商巧福,restaurant,24.9919778,121.3012020
5757947328,248,八方雲集,restaurant,24.9636657,121.2570161
5449485553,168,貓日子,restaurant,25.0095869,121.2973798
5151231436,251,合浦刀切麵食,restaurant,24.9646822,121.2950117
5644259176,112,八方雲集,restaurant,25.0420828,121.2905256
2633105193,248,樂?Pasta,restaurant,24.9696310,121.2507852
5819599437,112,八方雲集,restaurant,25.0403141,121.2904823
4335831140,221,麗媽香香鍋,restaurant,24.9756159,121.2552808
5671009364,68,北京味,restaurant,25.0588172,121.3683083
6132462946,244,粥王,restaurant,24.9652355,121.1936332
5859230935,148,阿昌快炒,restaurant,25.0253998,121.4240460
2885259995,138,麥當勞大竹店,fast_food,25.0214986,121.2634780
6863892158,38,韓姜熙의小廚房,restaurant,25.0763677,121.2314616
5805935467,68,頂好香,restaurant,25.0589604,121.3685253
6172831781,251,麥味登,restaurant,24.9648903,121.2953925
4699309216,119,路易．莎咖啡,cafe,25.0403973,121.3886596
4103318391,196,佑專火鍋,restaurant,24.9920228,121.3021310
4837022095,246,Rebel 美式漢堡店,restaurant,24.9651390,121.2242441
5314325628,166,大鯨魚海鮮,restaurant,25.0139661,121.2627456
4076692245,403,林家私房菜,restaurant,24.8407617,121.2911607
5346592517,162,張媽媽自助餐,restaurant,25.0055903,121.2137816
5981892317,196,斯薇堤早午餐,restaurant,24.9938388,121.2994145
7111314434,119,弘爺漢堡,restaurant,25.0394449,121.3899485
5300678073,169,Vigorous Seafood,restaurant,25.0150343,121.3068649
4607666093,39,Burger King,fast_food,25.0814071,121.2379714
5644259157,87,怡客咖啡,cafe,25.0472843,121.2916884
2829932365,197,金安徽麵館(成功店),restaurant,24.9950102,121.3192909
5819599439,112,熊牛排,restaurant,25.0401194,121.2899770
2695762361,355,郭記扁食館,restaurant,24.9024640,121.2743452
5306047442,137,尚興牛排館,restaurant,25.0187402,121.2581860
6919459910,68,台南擔仔麵,restaurant,25.0579210,121.3658233
6163441075,92,鮮天下,restaurant,25.0529289,121.3708641
4737363924,270,魔法義大利,restaurant,24.9550829,121.2259256
5981891156,196,喜福田咖啡坊,cafe,24.9971705,121.3031521
2126712627,222,麥當勞,fast_food,24.9816808,121.2766191
4243925104,328,威仕頓牛排,restaurant,24.9082527,121.1458867
6132492323,244,廚窗食坊,restaurant,24.9647873,121.1907464
5793229853,373,達摩麵店,restaurant,24.8829256,121.2869811
1496111730,244,MOS Burger,restaurant,24.9669442,121.1906114
4837022201,246,哈瓦那咖啡館,cafe,24.9646101,121.2250340
6132471231,244,一億園,restaurant,24.9650170,121.1935452
1265312566,191,瓦城泰國料理,restaurant,25.0016237,121.2286925
5451321107,197,Pizza Hut,restaurant,25.0003016,121.3076435
4524863938,38,米拉咖啡,cafe,25.0752456,121.2325805
4448706508,137,山東水餃館,restaurant,25.0245915,121.2578586
5194298323,140,SOLO COFFEE,cafe,25.0232893,121.2928815
4383814414,271,湯品美味鍋-中原店,restaurant,24.9548154,121.2366172
5352061872,199,大姆指涮涮鍋,restaurant,24.9906822,121.3443298
51334254,168,肯德基 (KFC),fast_food,25.0151332,121.3059491
2162043734,270,一番地壽喜燒,restaurant,24.9598273,121.2210408
2127529691,270,夏慕尼,restaurant,24.9529722,121.2210213
6075982875,196,自在素食,restaurant,25.0010521,121.3011931
2785047696,269,超吉飯桶,restaurant,24.9562900,121.2111217
6247260585,191,勝政日式豬排,restaurant,25.0011471,121.2287016
5307652567,195,85度C,cafe,24.9894156,121.2889288
5392726886,137,曼谷小館,restaurant,25.0234742,121.2619974
1895026978,221,海豐海鮮餐廳,restaurant,24.9757185,121.2529960
7041907686,169,九湯屋日式拉麵（桃園大有店）,restaurant,25.0066489,121.3208857
6721222640,221,檸檬草泰式料理,restaurant,24.9781762,121.2543181
5518727600,56,大園101景觀餐廳,restaurant,25.0628994,121.2010817
5180340954,275,go鱻海鮮涮涮鍋,restaurant,24.9558386,121.2990197
5267323871,91,三媽小吃,restaurant,25.0520602,121.3643991
6839408339,368,麥當勞,fast_food,24.8809107,121.2119570
5917357450,148,赤麵廠 レッドラーメン,restaurant,25.0228438,121.4226856
3125635952,372,黃日香豆乾,restaurant,24.8871687,121.2703558
7076473172,248,紅燒土魠魚羹 鐵路排骨飯,restaurant,24.9739635,121.2564053
3785979372,246,三顧茅廬,restaurant,24.9623297,121.2226301
6315533326,244,惟客早餐店,restaurant,24.9640460,121.1905677
4118129321,221,樹舍308 Cofe,restaurant,24.9763832,121.2483543
3679596191,137,台灣炒菜,restaurant,25.0212691,121.2604600
6871683764,197,甘泉魚麵,restaurant,24.9910832,121.3108608
3984004252,38,麥當勞,fast_food,25.0766836,121.2320806
5352001593,162,元生牛肉麵會館,restaurant,25.0100022,121.2136509
6084618033,225,Billion Cafe,cafe,24.9847878,121.3073145
6788665561,146,國立體育大學學苑餐廳,restaurant,25.0280593,121.3853330
7077952396,224,摩斯漢堡,fast_food,24.9875167,121.2926781
3719709736,57,星巴克,cafe,25.0614707,121.2035080
6132492329,244,福泉豆花,restaurant,24.9652901,121.1909283
5458285421,271,22burger茶餐館,restaurant,24.9548825,121.2427417
3854833683,335,雲南館,restaurant,24.9178969,121.2527639
5369844012,197,四海遊龍,restaurant,24.9981496,121.3150302
5346592512,162,甲一飯包,restaurant,25.0046296,121.2137058
5237953942,162,豆薈趣手創咖啡,cafe,25.0054335,121.2042959
7342353316,147,懷舊池上飯包,fast_food,25.0174039,121.4094608
5395418715,225,85度C,cafe,24.9861324,121.3178143
6180436985,244,宵夜屋自助餐,restaurant,24.9653857,121.1936321
3860605091,141,Heres Cafe 美式餐廳,cafe,25.0160870,121.3113164
2125626338,270,爭鮮迴轉壽司,restaurant,24.9559862,121.2239141
5076525190,295,可加乃藝術蛋糕,restaurant,24.9463543,121.2465425
4153900223,148,雞肉川,restaurant,25.0158387,121.4134722
2292234091,197,民生永和豆漿大王,restaurant,24.9947272,121.3127408
5757947334,248,林記麵店,restaurant,24.9655408,121.2564993
1924824273,141,Heres Cafe 美式餐廳,restaurant,25.0167030,121.3111773
3866437857,91,公館麵店,restaurant,25.0558750,121.3651790
5709118738,68,三多專賣店,restaurant,25.0591318,121.3686201
2632608882,68,麥當勞,fast_food,25.0691679,121.3701961
1256649791,248,千葉火鍋,restaurant,24.9630059,121.2566287
6285585867,356,T1 Bus早餐坊,restaurant,24.8992662,121.2842781
51334252,197,碳火燒肉小酒館,restaurant,25.0006253,121.3139184
6003407997,275,巧味便當,restaurant,24.9596939,121.2930080
5518665406,56,必勝客,restaurant,25.0624149,121.2019856
6180436986,244,來來炒飯,restaurant,24.9653666,121.1936327
5005106567,119,MU. DER,restaurant,25.0409701,121.3888046
4338081605,330,福興小館,restaurant,24.9095558,121.1763241
7217108220,39,大心,restaurant,25.0774726,121.2326810
7076473170,248,廣東粥 烏龍麵,restaurant,24.9739599,121.2570477
2694569820,356,貴族世家,restaurant,24.9057967,121.2776261
5295356363,140,福利川菜,restaurant,25.0210616,121.2970653
5269647613,196,85度C,cafe,24.9921409,121.3033404
1378335125,270,王品牛排,restaurant,24.9555495,121.2227395
5225847727,197,阿嬤的咖啡屋,cafe,24.9980848,121.3182513
4293275117,317,五十巷麵店,restaurant,24.9320783,121.2854309
5269647564,196,摩斯漢堡,fast_food,24.9920925,121.3014939
2316801841,141,CoCo都可泡沫紅茶店,fast_food,25.0155861,121.3109923
4748369621,292,晶麒莊園,restaurant,24.9435181,121.1902683
4070052325,111,中壢新福牌牛肉麵,restaurant,25.0323726,121.2717377
6247267186,246,開飯川食堂,restaurant,24.9625749,121.2238351
5313799645,197,星巴克,cafe,24.9930645,121.3131487
6247244187,191,杏桃鬆餅屋,restaurant,25.0014518,121.2286565
5692801364,168,老乾杯,restaurant,25.0140312,121.2999560
6247243585,162,一風堂,restaurant,25.0134037,121.2148966
6188259721,244,雞師父 醬汁照燒雞排,restaurant,24.9647434,121.1934880
1378335150,270,正忠排骨,restaurant,24.9581077,121.2181261
5637382085,68,復興飯包,restaurant,25.0592017,121.3687342
4420538320,330,早餐店,restaurant,24.9191600,121.1836387
6132475999,244,滿食記燒肉丼飯,restaurant,24.9653171,121.1935390
5819599440,112,麥味登,restaurant,25.0397745,121.2901240
5451321092,197,阿乖肉粽,restaurant,25.0013038,121.3067459
5352001591,162,小太陽簡餐,restaurant,25.0096119,121.2138524
5358127025,196,大埔平價鐵板燒,restaurant,25.0003382,121.2998596
5852824102,196,珍珍排骨,restaurant,24.9922185,121.3036108
1260956260,221,鄉廚牛排館,restaurant,24.9782657,121.2479180
3617168419,270,公元九年,cafe,24.9579659,121.2273286
6779687925,86,Starbucks,cafe,25.0532102,121.2885876
5819611717,140,露易莎,cafe,25.0164294,121.2963688
4420538339,330,紅豆薏仁,restaurant,24.9181848,121.1845230
6187418754,244,香米自助餐,restaurant,24.9640521,121.1907084
6075982873,196,素食,restaurant,25.0007865,121.3003429
6132492322,244,津知園排骨,restaurant,24.9648425,121.1907689
6215492922,56,台北永和豆漿大王,restaurant,25.0650169,121.1942303
1263458580,221,八方雲集鍋貼,restaurant,24.9755216,121.2555147
1256653154,270,麥當勞,fast_food,24.9568287,121.2252116
4420538336,330,炒麵,restaurant,24.9181081,121.1843199
6843943861,195,第一家 麵、飯 小吃,restaurant,24.9906072,121.2828401
6172831807,197,瑞元麵食,restaurant,24.9895905,121.3118854
2695846633,337,嘉嘉漢堡店,restaurant,24.9107267,121.2795229
2125593910,248,三商巧福,restaurant,24.9735316,121.2526929
5645321596,68,姊妹發傳統美食,restaurant,25.0597513,121.3689064
5455666187,275,肯德基,fast_food,24.9540919,121.2982502
6738102589,168,村民食堂,restaurant,25.0142009,121.2996214
4185666578,169,海全牛肉羊肉拉麵大王,restaurant,25.0121282,121.3100393
2885024909,138,海賊日式料理,restaurant,25.0208806,121.2644604
4808912848,147,小籠包,restaurant,25.0168753,121.4088665
5455666172,253,麥當勞,fast_food,24.9645109,121.3327996
4524863953,39,中一食堂,restaurant,25.0772907,121.2328037
6003407995,251,肯德基,fast_food,24.9622204,121.2998208
5451321114,197,正港現宰羊肉爐,restaurant,25.0003302,121.3127394
5624488852,68,阿忠麵線,restaurant,25.0596626,121.3689773
5611045842,270,Subway,fast_food,24.9565477,121.2250644
1911706795,197,Taobanwu,restaurant,24.9905022,121.3064333
4156555088,147,鐤鮮平價小火鍋,restaurant,25.0187523,121.4076866
5806794854,418,水漾石門,cafe,24.8178124,121.2907416
4546156880,230,攜心山靈咖啡,restaurant,24.9856928,121.3850172
4405213060,223,一品金湯豆漿王,restaurant,24.9843141,121.2792574
6187422334,244,7餐(松果餐廳),restaurant,24.9656094,121.1954196
6180453869,244,秘密基地,restaurant,24.9647544,121.1909440
5819611718,140,相傳沾汁醬麵,restaurant,25.0164640,121.2964428
6081597955,225,85度C,cafe,24.9829602,121.3086159
3497632064,197,綠蓋茶·館,cafe,24.9910124,121.3180258
6180453864,244,早安美芝城中壢活力中央,restaurant,24.9644479,121.1932818
3951610956,136,海記美食館,restaurant,25.0234956,121.2436099
6720093288,190,露易莎咖啡,cafe,25.0010898,121.2042245
5134789932,67,麥味登 龜山知足店,restaurant,25.0595895,121.3638233
5917357168,148,桶一天下,restaurant,25.0195627,121.4215551
5312923004,165,8588咖啡,cafe,25.0042670,121.2517266
1260942603,270,吉野家,fast_food,24.9542334,121.2248709
5819617245,251,茶自點,restaurant,24.9655467,121.3054410
1455760972,418,東尼湖畔咖啡,cafe,24.8202402,121.2870476
6113416350,271,彭春妹客家麻糬,restaurant,24.9523584,121.2397045
5819611724,140,四海遊龍,restaurant,25.0166994,121.2960204
4452890936,147,Pizza Hut,fast_food,25.0171535,121.4016046
4307559994,249,Pasta GoodGood,restaurant,24.9659748,121.2628685
2125602894,246,原燒,restaurant,24.9617737,121.2265802
5644259155,87,麥當勞,fast_food,25.0468590,121.2921765
5802926794,68,大王麵匠,restaurant,25.0588993,121.3684725
4420538343,330,小菜,restaurant,24.9180742,121.1842709
4908891031,67,唐廚,restaurant,25.0587111,121.3639336
5225844616,197,夏慕尼,restaurant,24.9954725,121.3128660
7057789715,119,大樹下香腸米腸,restaurant,25.0367017,121.3853769
6132455191,244,小紅牛,restaurant,24.9641557,121.1929501
4426160295,148,85度C,restaurant,25.0196434,121.4235729
5166090321,141,阿諾鹹酥雞,fast_food,25.0154308,121.3108251
7076557394,221,瘋咖哩,restaurant,24.9763913,121.2570061
2316814035,113,定食8,restaurant,25.0400673,121.2952715
1260942604,246,定食8,restaurant,24.9615247,121.2234971
1265312563,163,義式屋古拉爵,restaurant,25.0021342,121.2286067
5304951143,198,瑞麟美而美,restaurant,24.9913461,121.3211283
5916559285,68,麵屋濃,restaurant,25.0590641,121.3700158
6140772382,148,麥當勞,fast_food,25.0264591,121.4179345
6187418752,244,馬爾波咖啡,restaurant,24.9638284,121.1907406
5166835585,275,摩斯漢堡,fast_food,24.9583568,121.2992390
4524863960,38,義美點心世界,restaurant,25.0778112,121.2323923
6187418745,244,麥克小姐,restaurant,24.9643121,121.1905042
4746795723,140,夏部壽喜燒,restaurant,25.0200999,121.3025843
6187418750,244,幸福小館,restaurant,24.9649518,121.1908049
6247194987,246,1010湘菜,restaurant,24.9628041,121.2237083
5074887750,67,上吉屋焗烤工坊,restaurant,25.0669791,121.3648450
5819611719,140,早安美之城,restaurant,25.0157917,121.2964524
5455666174,253,四海遊龍,restaurant,24.9635070,121.3335136
5826796396,68,勝八,restaurant,25.0598244,121.3689095
4153900229,147,永和豆漿大王,fast_food,25.0175697,121.4031662
7076608010,248,巧味溫州大餛飩,restaurant,24.9733569,121.2589198
6882652951,251,豚戈屋台拉麵,restaurant,24.9639833,121.2940031
5458242122,271,五拉麵,restaurant,24.9562211,121.2375317
1296244967,269,新明老牌牛肉麵,restaurant,24.9565816,121.2170966
5346592508,197,養生雞,restaurant,24.9989093,121.3090354
3494724805,318,美而美,fast_food,24.9218861,121.2946871
4354215430,140,甘泉魚麵,restaurant,25.0155776,121.2963788
4930967352,203,青德宮幸福咖啡屋,cafe,24.9993625,121.4031213
4660104194,246,胖馬樂Cafe,cafe,24.9652493,121.2235494
3896531877,275,大湳鹽酥雞,fast_food,24.9601094,121.2997560
7115888345,148,伊荳早午餐,restaurant,25.0214499,121.4234370
4577311714,112,川門子,restaurant,25.0415609,121.2844133
5304256721,141,日青方好,cafe,25.0156208,121.3099614
5819599443,112,鳳壽司,restaurant,25.0396934,121.2910316
4449254956,13,紅色榖倉美式餐廳,restaurant,25.1015897,121.2896582
4314375370,148,香鷄城,fast_food,25.0194878,121.4209804
5917357479,148,西門町楊排骨酥麵,restaurant,25.0213616,121.4223871
5269647596,196,八方雲集,restaurant,24.9941697,121.2996478
3860604961,169,走走咖啡,cafe,25.0110196,121.3121693
5893901171,140,帝王廣東粥,restaurant,25.0162734,121.2944762
6132471227,244,包子饅頭,restaurant,24.9654201,121.1935363
6247267185,191,涓豆腐,restaurant,25.0007662,121.2288317
5819616577,224,烏骨雞,restaurant,24.9874880,121.2943349
5306047447,137,太將鍋,restaurant,25.0177722,121.2605319
3423127568,68,佳味鮮便當麵食,restaurant,25.0594287,121.3682655
1267387501,246,班格斯牛排,restaurant,24.9627774,121.2255706
5994026953,251,早耕brunch,restaurant,24.9689741,121.2951907
4881616021,372,芊然素食,restaurant,24.8822756,121.2655470
4243925105,328,鈺山牛肉麵,restaurant,24.9080866,121.1456526
6247158787,330,貴族世家,restaurant,24.9106611,121.1745171
1265339796,247,麥當勞,fast_food,24.9642754,121.2354935
5961011012,67,吉米廚房,restaurant,25.0663585,121.3616544
3951610955,136,宜珍專業自助餐,restaurant,25.0229606,121.2430377
5314324302,198,紅牛牛排,restaurant,24.9959670,121.3236569
5091520043,68,就是愛咖哩,restaurant,25.0581258,121.3686996
5367519660,86,Chophouse Brunch,restaurant,25.0473914,121.2912062
3835588187,275,千葉火鍋,restaurant,24.9546153,121.2984961
6247286585,246,丸龜製麵,fast_food,24.9625558,121.2235537
5367519663,86,巧味溫州大餛飩,restaurant,25.0479983,121.2915445
6084618034,225,全家,cafe,24.9803113,121.3089624
4124935592,329,清心蔬食館,restaurant,24.9129912,121.1684223
5303974207,162,爭鮮,restaurant,25.0133573,121.2150292
6875613977,269,85度C,cafe,24.9566688,121.2089932
4665169321,87,牛肉麵,restaurant,25.0453782,121.2920156
6132471233,244,東東生鮮手工大水餃,restaurant,24.9651315,121.1935441
5802926790,68,義大利人,restaurant,25.0587917,121.3682663
4837022200,246,和風會館日式涮涮鍋,restaurant,24.9647803,121.2249723
6779687926,86,KFC,fast_food,25.0534726,121.2885125
1265312576,163,兩班家韓式烤肉,restaurant,25.0019737,121.2284833
6132471230,244,雞排車,restaurant,24.9649270,121.1935696
5336385005,67,麥味登文化店,restaurant,25.0603000,121.3621833
4783157355,251,富林漢堡陸光店,fast_food,24.9615802,121.2979393
5287702945,248,霸味薑母鴨,restaurant,24.9715899,121.2547445
3233239615,147,伯朗咖啡館,cafe,25.0193138,121.4018232
6478561430,147,漢林大漢堡,fast_food,25.0188264,121.4057313
6132492321,244,八方雲集中壢中央店,restaurant,24.9647020,121.1909190
5811751442,169,85度C,cafe,25.0131856,121.3181502
6926656871,25,呂記,restaurant,25.0841397,121.2861146
5369829753,197,多那之咖啡蛋糕烘焙,cafe,24.9911926,121.3147368
4972247432,119,文青自助餐,restaurant,25.0390163,121.3880266
6189665797,196,米食堂,restaurant,24.9988782,121.3024039
5451321108,197,庄仔肉,restaurant,25.0008050,121.3070794
5649481771,68,老圓環排骨雞腿便當,restaurant,25.0586472,121.3696278
6189665803,196,莊記熱炒,restaurant,25.0002432,121.2999483
5661007797,68,帕先生,restaurant,25.0587499,121.3682065
6721222641,248,NEW泰國料理,restaurant,24.9723792,121.2551925
6440503678,148,頑童茶館 Silly Boy,cafe,25.0234928,121.4235676
6172831794,197,麥食達韓式料理,restaurant,24.9891213,121.3107106
6132455192,244,火靠窯Pizza,restaurant,24.9642038,121.1929864
2858310516,148,魯肉發無刺虱目魚粥,restaurant,25.0234852,121.4141562
2694569863,355,麻辣大腸麵線,restaurant,24.9037340,121.2652829
3128981427,270,石二鍋中壢中美店,restaurant,24.9596554,121.2239036
5802926792,68,享時光,restaurant,25.0587715,121.3684501
3785979364,270,永川牛肉麵,restaurant,24.9534511,121.2247206
5836262454,68,三顧茅廬麻辣滷味,restaurant,25.0586674,121.3699367
4156555077,147,麵獎,restaurant,25.0184941,121.4066783
4326608090,262,南非美食小屋,restaurant,24.9557665,121.1085913
3325905449,169,達美樂,fast_food,25.0148630,121.3090383
6875651384,266,85度C,cafe,24.9578458,121.1666411
5451321106,197,三兄弟炭火燒烤,restaurant,24.9994675,121.3081460
3123917925,140,巧合珍牛肉麵,restaurant,25.0287812,121.3049972
4558561090,269,Pizza Hut,restaurant,24.9570806,121.2032673
5193402402,251,達美樂pizza,restaurant,24.9655425,121.3005367
5893901172,140,懶得煮,restaurant,25.0167224,121.2952761
5696452025,195,洋朵庭園餐廳,restaurant,24.9906417,121.2882707
5451705421,244,麥味登,restaurant,24.9670230,121.1907369
4209308606,140,OLIVE橄欖花園餐廳,restaurant,25.0258811,121.2935167
6682359533,198,中一排骨,restaurant,24.9937088,121.3335147
5019342805,318,Pizza Hut,restaurant,24.9320446,121.2975493
2135704226,141,媽媽廚房,restaurant,25.0154959,121.3085866
5963884979,119,合浦,restaurant,25.0403857,121.3887705
7076557399,221,福德美而美早餐店,restaurant,24.9763037,121.2577102
3494724804,318,台北永和豆漿大王,fast_food,24.9218007,121.2941946
1707844686,197,只是光影,cafe,24.9946003,121.3125808
5151659769,68,客家麵食館,restaurant,25.0587126,121.3681239
1263451709,248,麥當勞,fast_food,24.9723284,121.2533977
7076557392,221,三媽臭臭鍋,restaurant,24.9763669,121.2568854
5719816641,86,四海遊龍,restaurant,25.0506709,121.2903863
7066680985,58,味坊中餐廳,restaurant,25.0687058,121.2211633
5719816622,86,阿莫品味餐廳,restaurant,25.0488030,121.2892543
5502990932,148,洪抄手川味小館,restaurant,25.0205985,121.4178468
4169581986,147,85度C,cafe,25.0174652,121.4027843
2125611030,270,拉麵吧,restaurant,24.9578246,121.2229055
6682444988,197,爭鮮迴轉壽司-桃園店,restaurant,24.9909349,121.3145506
1256653171,270,肯德基,fast_food,24.9552334,121.2214457
4185666575,169,上禾味永和豆漿大王,fast_food,25.0105619,121.3107589
3494724810,318,3Q 脆皮雞排,fast_food,24.9223046,121.2946177
6079170291,196,Subway,fast_food,24.9919620,121.3011079
6247218385,246,卡布里喬莎,restaurant,24.9625736,121.2236643
6132462943,244,咖哩老師,restaurant,24.9649948,121.1936402
5314324295,197,漁夫活海鮮,restaurant,25.0008467,121.3148162
5342705782,119,原町食堂王,restaurant,25.0390733,121.3880310
5213821522,246,cama café,cafe,24.9632248,121.2234350
1263478575,221,永和豆漿,restaurant,24.9800147,121.2541307
3824080986,244,雙寶爸涼麵,restaurant,24.9642629,121.1930689
6305016839,68,老三魷魚羹,restaurant,25.0684057,121.3661081
5906009429,68,福州魚丸,restaurant,25.0688310,121.3657270
6861080698,197,星巴克,cafe,24.9888320,121.3143799
