縣市代碼,縣市名稱,學校代碼,學校名稱,班級數7年級,班級數8年級,班級數9年級,學生數7年級男,學生數7年級女,學生數8年級男,學生數8年級女,學生數9年級男,學生數9年級女,上學年男畢業生,上學年女畢業生,男專任教師,女專任教師,男職員,女職員,lat,lng,stu_sum,stu_sum_lastyear,staff_sum
1,新北市,010301,國立華僑中學,1,1,1,6,7,9,12,9,13,6,7,0,0,0,0,25.0075,121.4477778,56,13,0
1,新北市,011301,私立淡江高中附設國中部,8,8,8,182,126,155,150,172,122,162,133,0,0,0,0,25.1762507,121.437164,907,295,0
1,新北市,011302,私立康橋實驗高中附設國中部,8,8,8,160,132,145,154,171,148,162,144,0,0,0,0,25.079564,121.395793,910,306,0
1,新北市,011306,私立金陵女中附設國中部,9,9,9,0,374,0,397,0,395,0,380,0,0,0,0,25.04299,121.466942,1166,380,0
1,新北市,011307,私立裕德實驗高中附設國中部,5,5,4,80,61,64,48,47,45,45,29,0,0,0,0,24.9830118,121.4394801,345,74,0
1,新北市,011309,私立南山高中附設國中部,22,22,20,575,409,543,410,487,371,493,337,0,0,0,0,25.0016594,121.5036507,2795,830,0
1,新北市,011310,私立恆毅高中附設國中部,9,10,11,291,124,319,99,349,114,361,147,0,0,0,0,25.0366541,121.4537324,1296,508,0
1,新北市,011311,私立聖心女中附設國中部,5,5,5,0,229,0,190,0,231,0,214,0,0,0,0,25.13562,121.449122,650,214,0
1,新北市,011312,私立崇義高中附設國中部,0,1,0,0,0,1,0,0,0,0,0,0,0,0,0,25.079564,121.395793,1,0,0
1,新北市,011314,私立中華高中附設國中部,1,1,0,9,3,5,3,0,0,0,0,0,0,0,0,24.975578,121.4374135,20,0,0
1,新北市,011316,私立格致高中附設國中部,7,6,7,180,86,134,80,171,89,171,79,0,0,0,0,25.0738323,121.4886747,740,250,0
1,新北市,011317,私立醒吾高中附設國中部,1,1,2,12,6,16,18,28,30,24,14,0,0,0,0,25.079564,121.395793,110,38,0
1,新北市,011318,私立徐匯高中附設國中部,3,3,4,129,0,134,0,133,0,174,0,0,0,0,0,25.080107,121.480124,396,174,0
1,新北市,011322,私立崇光女中附設國中部,7,7,7,12,255,18,269,18,285,6,291,0,0,0,0,24.971809,121.539078,857,297,0
1,新北市,011323,私立光仁高中附設國中部,9,9,10,165,136,182,151,190,150,167,123,0,0,0,0,25.0183052,121.4764718,974,290,0
1,新北市,011324,私立竹林高中附設國中部,8,8,10,173,134,154,120,174,146,213,130,0,0,0,0,24.9799565,121.5057743,901,343,0
1,新北市,011325,私立及人高中附設國中部,2,1,2,34,16,25,15,33,22,50,15,0,0,0,0,24.966799,121.51489,145,65,0
1,新北市,011329,私立辭修高中附設國中部,9,8,8,239,127,202,112,171,149,180,120,0,0,0,0,24.932696,121.407931,1000,300,0
1,新北市,011330,私立林口康橋高中附設國中部,6,8,3,126,129,145,123,46,53,41,32,0,0,0,0,25.0741868,121.389928,622,73,0
1,新北市,011399,私立時雨高中附設國中部,7,7,7,234,151,236,107,250,133,252,130,0,0,0,0,25.1095045,121.8552909,1111,382,0
1,新北市,014302,市立海山高中附設國中部,29,29,29,431,406,428,386,422,425,421,367,0,0,0,0,25.0096689,121.4712073,2498,788,0
1,新北市,014311,市立三重高中附設國中部,7,9,9,78,69,92,100,129,95,104,93,0,0,0,0,25.054741,121.4914967,563,197,0
1,新北市,014315,市立永平高中附設國中部,11,10,13,150,117,144,130,186,188,189,195,0,0,0,0,25.0105828,121.5083843,915,384,0
1,新北市,014322,市立樹林高中附設國中部,13,14,15,168,151,188,167,198,205,173,174,0,0,0,0,24.9829633,121.4223883,1077,347,0
1,新北市,014326,市立明德高中附設國中部,9,7,8,129,111,96,82,103,82,129,71,0,0,0,0,24.9038379,121.365725,603,200,0
1,新北市,014332,市立秀峰高中附設國中部,13,14,13,190,200,218,189,228,154,210,198,0,0,0,0,25.0657829,121.6608704,1179,408,0
1,新北市,014338,市立金山高中附設國中部,6,6,6,63,62,68,69,83,66,86,80,0,0,0,0,25.224676,121.637008,411,166,0
1,新北市,014343,市立安康高中附設國中部,9,9,8,118,103,111,113,97,91,83,73,0,0,0,0,24.9694528,121.5153,633,156,0
1,新北市,014347,市立雙溪高中附設國中部,3,4,3,33,30,31,31,28,30,23,24,0,0,0,0,25.0349452,121.8632655,183,47,0
1,新北市,014348,市立石碇高中附設國中部,2,3,3,24,11,29,21,28,23,24,30,0,0,0,0,25.0141303,121.6429468,136,54,0
1,新北市,014353,市立丹鳳高中附設國中部,23,23,23,379,342,395,351,367,358,377,337,0,0,0,0,25.021049,121.416544,2192,714,0
1,新北市,014356,市立清水高中附設國中部,16,17,16,197,189,223,211,246,199,249,206,0,0,0,0,24.9823337,121.4654721,1265,455,0
1,新北市,014357,市立三民高中附設國中部,16,16,17,228,188,234,207,224,217,205,225,0,0,0,0,25.0868693,121.4737065,1298,430,0
1,新北市,014362,市立錦和高中附設國中部,18,17,20,237,257,238,201,274,235,281,246,0,0,0,0,24.992544,121.491084,1442,527,0
1,新北市,014363,市立光復高中附設國中部,8,9,8,111,98,126,106,119,113,105,117,0,0,0,0,25.0167462,121.4822165,673,222,0
1,新北市,014364,市立竹圍高中附設國中部,7,7,7,120,91,93,72,116,98,100,93,0,0,0,0,25.1459534,121.461587,590,193,0
1,新北市,014381,市立北大高中附設國中部,4,4,4,47,67,65,67,67,65,64,65,0,0,0,0,24.948248,121.3764596,378,129,0
1,新北市,014399,市立豐珠中學附設國中,0,0,0,0,0,0,0,0,0,0,0,0,0,0,0,25.0656443,121.9018436,0,0,0
1,新北市,014468,市立樟樹國際實創高中附設國中部,7,7,10,100,78,93,95,113,120,95,103,0,0,0,0,25.0659397,121.6398933,599,198,0
1,新北市,014501,市立板橋國中,15,16,15,226,170,233,199,211,187,190,190,30,85,3,7,25.0250509,121.4531667,1226,380,125
1,新北市,014503,市立重慶國中,17,21,20,210,242,270,263,221,258,245,282,37,104,1,12,25.0759168,121.5180299,1464,527,154
1,新北市,014504,市立江翠國中,17,19,18,205,220,230,244,205,237,254,241,36,104,3,10,25.0288652,121.4684587,1341,495,153
1,新北市,014505,市立中山國中,30,30,29,492,460,499,457,449,429,454,400,58,148,1,12,25.0606103,121.5455307,2786,854,219
1,新北市,014506,市立新埔國中,10,11,12,130,121,137,126,151,157,179,151,18,66,4,6,25.0248193,121.4597107,822,330,94
1,新北市,014507,市立新莊國中,25,24,24,299,330,337,295,349,305,294,286,46,129,3,11,25.0358171,121.4519927,1915,580,189
1,新北市,014508,市立新泰國中,17,20,21,241,184,252,232,286,244,295,232,41,108,3,9,25.0425875,121.444305,1439,527,161
1,新北市,014509,市立福營國中,19,17,18,296,218,238,213,260,226,257,238,49,92,2,12,25.0252883,121.4226136,1451,495,155
1,新北市,014510,市立頭前國中,14,14,16,165,174,167,178,206,207,191,217,29,82,1,10,25.0545816,121.4589197,1097,408,122
1,新北市,014512,市立光榮國中,9,10,14,120,95,122,101,134,119,168,121,16,65,2,6,25.0704534,121.4999178,691,289,89
1,新北市,014513,市立明志國中,19,20,21,264,238,301,223,281,238,297,257,43,103,4,9,25.0634787,121.4890227,1545,554,159
1,新北市,014514,市立碧華國中,12,14,16,160,148,159,185,208,182,169,151,36,66,2,10,25.0824108,121.4949227,1042,320,114
1,新北市,014516,市立永和國中,36,33,35,508,466,498,413,487,486,489,443,58,198,1,13,25.0064786,121.5236378,2858,932,270
1,新北市,014517,市立福和國中,29,25,28,358,402,342,320,367,352,373,365,56,140,1,13,25.0040606,121.5209434,2141,738,210
1,新北市,014518,市立中和國中,12,13,14,146,152,157,167,187,167,180,179,31,68,1,10,24.9861361,121.5084083,976,359,110
1,新北市,014519,市立積穗國中,11,10,13,156,132,138,142,154,132,151,147,28,57,3,6,25.0003078,121.479696,854,298,94
1,新北市,014520,市立漳和國中,12,12,12,138,101,109,121,131,123,153,134,24,70,2,8,25.0026261,121.5055406,723,287,104
1,新北市,014521,市立鶯歌國中,21,19,19,261,268,267,252,245,254,255,300,41,103,1,11,24.9504628,121.3448645,1547,555,156
1,新北市,014523,市立柑園國中,3,4,4,34,29,41,41,54,44,51,36,7,22,0,7,24.954675,121.384178,243,87,36
1,新北市,014524,市立土城國中,19,18,18,258,257,257,239,250,229,254,211,38,101,0,11,24.9628096,121.4295471,1490,465,150
1,新北市,014525,市立三峽國中,20,20,18,275,237,277,256,229,238,278,221,49,91,2,11,24.939053,121.369127,1512,499,153
1,新北市,014527,市立八里國中,5,5,6,56,46,55,50,65,60,62,75,11,33,0,8,25.1398858,121.400741,332,137,52
1,新北市,014528,市立泰山國中,10,8,8,113,137,113,92,123,109,100,106,20,46,2,6,25.0639896,121.4246015,687,206,74
1,新北市,014529,市立五股國中,14,14,14,181,138,179,166,181,172,218,182,27,78,1,10,25.082292,121.436015,1017,400,116
1,新北市,014530,市立蘆洲國中,21,25,24,282,261,325,288,307,333,331,364,34,130,1,13,25.0869126,121.4665559,1796,695,178
1,新北市,014531,市立林口國中,18,16,16,256,247,285,220,279,218,262,202,34,94,1,9,25.0762471,121.3775622,1505,464,138
1,新北市,014533,市立汐止國中,10,9,10,111,111,105,106,131,104,125,109,27,46,2,7,25.0669566,121.6583371,668,234,82
1,新北市,014534,市立淡水國中,9,12,10,129,97,155,122,128,119,116,144,22,61,3,7,25.1749602,121.4366735,750,260,93
1,新北市,014536,市立三芝國中,7,6,7,76,70,76,76,76,85,91,85,19,32,3,5,25.259347,121.5018147,459,176,59
1,新北市,014537,市立石門國中,2,2,2,17,6,17,15,9,14,20,24,3,13,2,1,24.8408333,121.24,78,44,19
1,新北市,014539,市立萬里國中,2,3,3,26,10,24,19,27,29,23,29,5,16,1,5,25.177796,121.694629,135,52,27
1,新北市,014540,市立坪林國中,2,3,2,25,14,16,17,25,10,21,20,7,15,0,2,24.9376175,121.7126394,107,41,24
1,新北市,014541,市立文山國中,9,8,10,119,77,124,74,133,94,129,90,21,51,2,7,24.956705,121.538935,621,219,81
1,新北市,014542,市立五峰國中,13,13,16,193,129,133,143,188,166,208,180,24,81,3,9,24.9667222,121.5441602,952,388,117
1,新北市,014544,市立瑞芳國中,7,6,6,67,75,64,80,73,78,98,86,19,31,0,9,25.1079407,121.8149887,437,184,59
1,新北市,014545,市立欽賢國中,2,2,2,15,7,8,8,21,12,23,11,9,8,2,2,25.105223,121.845903,71,34,21
1,新北市,014546,市立貢寮國中,2,2,2,17,8,19,11,19,25,28,18,8,10,0,4,25.0656443,121.9018436,99,46,22
1,新北市,014549,市立深坑國中,6,5,7,79,74,76,52,95,79,77,68,18,27,1,7,25.00168,121.618296,455,145,53
1,新北市,014550,市立平溪國中,2,2,3,14,5,7,11,6,10,11,12,6,16,2,3,25.0239799,121.7334114,53,23,27
1,新北市,014551,市立烏來國中(小),1,1,1,5,6,7,5,9,9,4,13,3,9,2,4,24.8636951,121.5538264,41,17,18
1,新北市,014552,市立溪崑國中,23,23,24,338,314,354,309,344,309,327,324,67,98,2,12,24.996868,121.431494,1968,651,179
1,新北市,014554,市立自強國中,9,11,11,115,110,124,111,144,116,139,131,26,52,0,9,24.9987911,121.4724939,720,270,87
1,新北市,014555,市立中正國中,20,21,21,270,238,281,265,272,295,292,298,38,108,2,10,25.0323588,121.5219754,1621,590,158
1,新北市,014558,市立義學國中,18,19,18,254,195,274,204,239,216,249,227,39,93,3,9,25.0517424,121.431268,1382,476,144
1,新北市,014559,市立中平國中,22,23,21,351,324,343,303,299,293,295,271,41,115,2,9,25.0535488,121.4438365,1913,566,167
1,新北市,014560,市立鳳鳴國中,6,6,8,83,66,84,68,88,76,79,63,19,32,3,6,24.967511,121.331827,465,142,60
1,新北市,014561,市立三和國中,28,29,31,349,383,364,365,394,424,401,395,62,133,0,14,25.0763471,121.4867892,2279,796,209
1,新北市,014565,市立尖山國中,5,6,5,64,54,67,59,75,52,69,47,14,29,1,5,24.9436969,121.3421559,371,116,49
1,新北市,014566,市立正德國中,19,19,19,284,236,293,252,284,265,271,230,39,99,2,11,25.1787337,121.4470473,1614,501,151
1,新北市,014567,市立安溪國中,8,9,10,101,114,108,117,166,125,134,131,20,50,1,8,24.9266425,121.3728213,731,265,79
1,新北市,014569,市立育林國中,10,11,12,116,120,143,125,166,143,169,137,32,48,1,8,24.98532,121.415128,813,306,89
1,新北市,014570,市立青山國中(小),6,6,6,84,70,68,61,73,57,80,71,14,32,2,8,25.0611597,121.65666,413,151,56
1,新北市,014571,市立崇林國中,15,14,13,203,189,185,187,187,165,206,204,27,74,0,8,25.0684112,121.3701667,1116,410,109
1,新北市,014572,市立二重國中,8,11,12,114,76,136,92,134,108,115,85,28,49,2,7,25.0658422,121.4800173,660,200,86
1,新北市,014573,市立大觀國中,12,12,11,144,150,141,147,164,144,138,166,23,62,1,7,25.0111472,121.4487222,890,304,93
1,新北市,014574,市立三多國中,12,11,11,169,141,166,134,165,146,166,150,31,54,3,6,25.0063705,121.4146724,921,316,94
1,新北市,014575,市立忠孝國中,10,11,10,120,111,132,99,135,133,140,114,25,53,3,6,25.051247,121.5082165,730,254,87
1,新北市,014576,市立鷺江國中,21,19,19,274,312,277,248,286,240,269,258,39,107,2,7,25.0903474,121.4620767,1637,527,155
1,新北市,014577,市立桃子腳國中(小),7,7,7,119,97,118,112,106,112,113,102,15,37,0,11,24.948918,121.382898,664,215,63
1,新北市,014579,市立佳林國中,9,8,9,123,107,109,92,122,122,113,146,20,44,3,4,25.0813656,121.3845099,675,259,71
1,新北市,014580,市立達觀國中(小),10,10,10,143,109,131,143,147,107,133,126,22,53,2,8,24.9536053,121.5000233,780,259,85
2,宜蘭縣,021301,私立慧燈高中附設國中部,9,10,11,243,132,220,124,254,161,281,170,0,0,0,0,24.777028,121.7155386,1134,451,0
2,宜蘭縣,021310,私立中道高中附設國中部,3,3,3,54,56,57,30,62,34,44,30,0,0,0,0,24.7597787,121.7937987,293,74,0
2,宜蘭縣,024322,縣立南澳高中附設國中部,3,3,3,30,25,31,22,41,36,40,29,0,0,0,0,24.465902,121.801868,185,69,0
2,宜蘭縣,024325,縣立慈心華德福教育實驗高中附設國中,3,3,3,39,39,41,35,38,31,37,35,0,0,0,0,24.6268113,121.795708,223,72,0
2,宜蘭縣,024501,縣立宜蘭國中,6,7,7,68,71,95,100,69,77,97,70,18,35,1,7,24.7619679,121.7585067,480,167,61
2,宜蘭縣,024502,縣立中華國中,12,12,12,180,145,178,137,171,162,190,138,25,61,2,8,24.7492271,121.7675113,973,328,96
2,宜蘭縣,024503,縣立復興國中,14,16,17,185,194,201,229,242,227,269,227,42,77,4,8,24.7490995,121.7468602,1278,496,131
2,宜蘭縣,024504,縣立羅東國中,20,18,21,258,262,254,231,273,267,261,226,51,96,1,12,24.6718092,121.7674792,1545,487,160
2,宜蘭縣,024505,縣立東光國中,7,8,8,92,92,100,118,101,115,94,118,25,36,2,6,24.6718092,121.7674792,618,212,69
2,宜蘭縣,024506,縣立國華國中,13,15,15,175,173,187,209,226,183,191,216,43,66,3,9,24.6778835,121.7615085,1153,407,121
2,宜蘭縣,024507,縣立頭城國中,6,8,8,94,70,92,83,117,101,100,102,29,27,2,6,24.864216,121.8213207,557,202,64
2,宜蘭縣,024508,縣立蘇澳國中,3,4,6,35,35,47,46,63,52,57,49,21,14,5,3,24.595725,121.835978,278,106,43
2,宜蘭縣,024509,縣立文化國中,6,6,6,75,69,94,71,82,64,79,77,23,24,2,6,24.618119,121.833191,455,156,55
2,宜蘭縣,024510,縣立南安國中,1,2,2,9,15,13,17,25,22,13,18,9,6,2,1,24.5760282,121.8690009,101,31,18
2,宜蘭縣,024511,縣立三星國中,5,4,5,70,47,54,34,44,42,67,59,15,20,3,5,24.6677268,121.6539348,291,126,43
2,宜蘭縣,024512,縣立礁溪國中,5,5,6,67,64,63,55,70,84,82,63,13,28,3,5,24.8171752,121.7673427,403,145,49
2,宜蘭縣,024513,縣立吳沙國中,3,3,3,21,26,30,29,27,23,29,31,11,14,0,5,24.785434,121.759985,156,60,30
2,宜蘭縣,024514,縣立冬山國中,5,5,5,65,41,56,61,57,69,68,64,14,25,2,6,24.6318151,121.7912871,349,132,47
2,宜蘭縣,024515,縣立順安國中,3,4,4,33,21,47,46,36,41,42,32,11,17,1,6,24.6547852,121.765753,224,74,35
2,宜蘭縣,024516,縣立五結國中,4,4,4,51,34,42,38,46,53,62,38,12,20,1,6,24.69717,121.80033,264,100,39
2,宜蘭縣,024517,縣立興中國中,2,2,2,15,17,16,16,24,25,19,17,5,12,0,3,24.698913,121.7708718,113,36,20
2,宜蘭縣,024518,縣立利澤國中,3,3,3,27,30,27,29,27,27,33,31,13,11,1,6,24.6658633,121.828673,167,64,31
2,宜蘭縣,024519,縣立員山國中,4,5,5,37,46,55,43,52,55,61,64,15,23,1,6,24.7503023,121.714608,288,125,45
2,宜蘭縣,024520,縣立內城國中(小),2,2,2,20,12,26,21,19,17,18,20,7,12,2,6,24.7188831,121.6875013,115,38,27
2,宜蘭縣,024521,縣立壯圍國中,5,5,6,53,50,61,54,65,61,93,78,12,30,3,5,24.7487231,121.7884569,344,171,50
2,宜蘭縣,024523,縣立大同國中,1,1,2,8,10,6,15,10,5,8,12,9,5,1,2,22.678426,120.477654,54,20,17
2,宜蘭縣,024524,縣立凱旋國中,6,5,6,63,85,69,57,80,77,81,69,13,30,1,7,24.7260003,121.7573169,431,150,51
2,宜蘭縣,024526,縣立人文國中(小),2,2,2,5,13,10,8,19,7,22,12,8,7,0,0,24.8599032,121.8197845,62,34,15
3,桃園市,031301,私立桃園市漢英高中附設國中部,1,1,1,12,9,5,9,4,1,0,0,0,0,0,0,24.8481652,121.2453306,40,0,0
3,桃園市,031310,私立六和高中附設國中部,11,11,11,258,232,265,217,280,184,248,216,0,0,0,0,24.9453453,121.1858942,1436,464,0
3,桃園市,031311,私立復旦高中附設國中部,12,12,12,314,252,322,244,316,226,296,246,0,0,0,0,24.948372,121.203082,1674,542,0
3,桃園市,031312,私立治平高中附設國中部,8,8,8,212,150,185,174,165,140,190,156,0,0,0,0,24.9158677,121.1886835,1026,346,0
3,桃園市,031313,私立振聲高中附設國中部,9,9,9,210,222,240,193,213,205,222,205,0,0,0,0,24.9905152,121.3022615,1283,427,0
3,桃園市,031319,私立清華高中附設國中部,1,1,1,7,8,6,4,10,10,13,3,0,0,0,0,24.9816339,121.1083826,45,16,0
3,桃園市,031320,私立新興高中附設國中部,8,8,8,186,148,178,163,166,162,160,151,0,0,0,0,24.975174,121.271855,1003,311,0
3,桃園市,031326,私立大華高中附設國中部,5,5,5,133,72,122,79,108,98,142,106,0,0,0,0,24.882732,121.1744393,612,248,0
3,桃園市,031502,私立有得國中(小),3,3,3,46,37,44,27,37,33,29,22,10,10,5,8,24.98035,121.251597,224,51,33
3,桃園市,031503,私立康萊爾國中(小),1,1,1,19,6,10,18,6,12,5,5,3,4,2,2,24.999609,121.2966179,71,10,11
3,桃園市,034332,市立觀音高中附設國中部,8,9,8,104,111,110,107,119,112,126,112,0,0,0,0,25.0147432,121.1327739,663,238,0
3,桃園市,034335,市立新屋高中附設國中部,9,10,11,128,110,134,101,141,138,177,116,0,0,0,0,24.970544,121.1017254,752,293,0
3,桃園市,034347,市立永豐高中附設國中部,13,13,13,194,189,203,165,199,164,192,193,0,0,0,0,24.9749709,121.2701299,1114,385,0
3,桃園市,034501,市立桃園國中,14,18,19,176,197,271,220,255,243,265,232,40,103,2,12,24.995649,121.304931,1362,497,157
3,桃園市,034502,市立青溪國中,16,16,18,234,220,250,211,258,220,243,194,38,90,1,13,24.997168,121.319889,1393,437,142
3,桃園市,034503,市立文昌國中,15,13,16,212,177,201,164,229,210,207,201,33,83,2,10,25.0103959,121.307982,1193,408,128
3,桃園市,034504,市立建國國中,24,23,23,329,325,341,309,348,341,331,327,60,125,3,12,24.9788939,121.3062558,1993,658,200
3,桃園市,034505,市立中興國中,20,22,23,270,277,298,307,341,315,288,342,50,121,4,11,24.9963811,121.2908267,1808,630,186
3,桃園市,034506,市立南崁國中,20,19,20,291,238,261,262,273,259,303,282,54,99,2,11,25.0547524,121.298237,1584,585,166
3,桃園市,034507,市立山腳國中,5,5,6,64,49,74,57,86,87,87,60,19,23,1,5,25.088127,121.278728,417,147,48
3,桃園市,034508,市立大竹國中,13,13,12,195,161,159,179,180,158,155,141,23,71,3,8,25.0229601,121.2584651,1032,296,105
3,桃園市,034509,市立大園國中,16,17,17,242,180,240,204,218,235,259,218,47,77,3,10,25.0532834,121.1714775,1319,477,137
3,桃園市,034510,市立竹圍國中,5,6,7,70,68,79,79,81,83,84,87,21,26,2,7,25.109708,121.238563,460,171,56
3,桃園市,034511,市立大溪國中,9,10,13,128,124,141,139,141,153,159,152,27,51,2,8,24.8796559,121.2954956,826,311,88
3,桃園市,034513,市立仁和國中,18,20,20,281,211,294,236,292,226,295,251,41,101,6,8,24.894726,121.2739164,1540,546,156
3,桃園市,034515,市立大崗國中,11,13,12,140,140,172,143,180,147,177,157,30,66,1,10,25.0524891,121.3710741,922,334,107
3,桃園市,034516,市立八德國中,14,13,14,167,167,159,175,170,178,175,183,36,70,1,11,24.9294355,121.2866881,1016,358,118
3,桃園市,034517,市立大成國中,24,24,24,374,357,392,303,366,356,358,307,54,129,4,10,22.978864,120.197917,2148,665,197
3,桃園市,034518,市立中壢國中,19,17,17,236,242,239,232,242,210,200,201,30,112,1,11,24.9510053,121.218887,1401,401,154
3,桃園市,034520,市立平南國中,17,15,16,218,228,211,185,226,207,237,207,28,95,4,9,24.910076,121.2107638,1275,444,136
3,桃園市,034521,市立新明國中,8,9,9,111,80,123,82,130,114,141,103,18,49,2,8,24.956923,121.213008,640,244,77
3,桃園市,034522,市立內壢國中,29,29,27,433,401,444,378,395,367,382,360,52,164,4,11,24.971042,121.248853,2418,742,231
3,桃園市,034523,市立大崙國中,5,6,7,57,62,84,67,98,75,96,84,12,35,3,7,24.9912409,121.1798842,443,180,57
3,桃園市,034524,市立龍岡國中,14,17,16,200,173,212,236,234,215,230,212,31,90,3,8,24.9295099,121.2521234,1270,442,132
3,桃園市,034525,市立興南國中,4,4,8,55,34,44,41,58,56,69,63,15,43,5,1,24.9737065,121.2267781,288,132,64
3,桃園市,034526,市立自強國中,15,15,16,219,197,197,225,217,229,245,256,31,89,3,9,24.9987911,121.4724939,1284,501,132
3,桃園市,034527,市立東興國中,27,26,26,373,377,357,329,407,333,393,361,46,147,3,12,24.9497767,121.2301109,2176,754,208
3,桃園市,034528,市立楊梅國中,19,16,19,219,202,193,189,216,200,215,200,36,106,3,11,24.9033484,121.1482637,1219,415,156
3,桃園市,034529,市立仁美國中,6,7,6,71,46,77,65,56,61,59,56,16,34,3,7,24.9240144,121.184162,376,115,60
3,桃園市,034530,市立富岡國中,3,3,3,30,25,33,45,40,27,35,39,8,17,1,4,24.9420695,121.073974,200,74,30
3,桃園市,034531,市立瑞原國中,4,5,5,35,31,46,36,56,34,66,37,13,23,0,7,24.9334978,121.1215104,238,103,43
3,桃園市,034533,市立觀音國中,4,3,5,43,42,46,39,46,45,65,47,15,17,2,4,25.0388807,121.0807615,261,112,38
3,桃園市,034534,市立草漯國中,6,6,8,83,70,87,77,101,99,106,103,18,31,3,5,25.0447137,121.1405555,517,209,57
3,桃園市,034536,市立大坡國中,3,3,3,25,17,22,25,24,33,30,17,9,16,0,4,24.9611593,121.0397864,146,47,29
3,桃園市,034537,市立永安國中,3,3,3,23,17,23,18,23,27,20,18,7,18,1,4,22.8233569,120.2403399,131,38,30
3,桃園市,034538,市立龍潭國中,15,13,14,224,195,182,192,173,199,204,167,29,77,3,9,24.8564263,121.2175825,1165,371,118
3,桃園市,034539,市立凌雲國中,7,8,9,76,77,99,88,110,121,144,110,17,51,2,7,24.85867,121.202121,571,254,77
3,桃園市,034540,市立石門國中,8,8,7,85,106,114,96,94,90,123,100,18,45,1,8,24.8408333,121.24,585,223,72
3,桃園市,034541,市立介壽國中,3,3,3,19,27,28,26,42,15,35,34,12,13,1,4,25.0564253,121.5564352,157,69,30
3,桃園市,034542,市立慈文國中,23,24,24,375,333,330,301,368,313,309,305,50,128,6,9,25.0094401,121.3016355,2020,614,193
3,桃園市,034543,市立平興國中,11,13,15,147,159,191,163,204,196,246,192,25,74,4,9,24.9496935,121.2062877,1060,438,112
3,桃園市,034544,市立楊明國中,7,8,9,97,77,109,90,120,123,109,110,22,44,2,8,24.9108783,121.1553024,616,219,76
3,桃園市,034545,市立龍興國中,6,8,8,78,72,121,91,107,86,119,103,19,40,4,6,24.937941,121.236078,555,222,69
3,桃園市,034546,市立福豐國中,14,14,15,177,184,203,187,196,211,193,175,35,89,2,10,24.9763815,121.3136515,1158,368,136
3,桃園市,034549,市立東安國中,8,7,7,95,84,81,91,96,78,101,78,23,37,0,9,24.916543,121.249509,525,179,69
3,桃園市,034550,市立光明國中,18,18,19,270,242,270,219,296,241,257,238,37,106,1,13,24.1322703,120.6732226,1538,495,157
3,桃園市,034551,市立同德國中,17,17,18,262,219,238,255,280,237,254,231,32,108,4,10,25.0156967,121.2935256,1491,485,154
3,桃園市,034552,市立幸福國中,6,5,7,71,58,65,59,87,55,95,71,12,38,1,7,24.9880183,121.3319985,395,166,58
3,桃園市,034554,市立大有國中,12,12,13,176,155,167,181,186,186,191,167,28,66,2,10,25.009464,121.3191487,1051,358,106
3,桃園市,034555,市立龜山國中,13,15,15,175,175,186,172,221,195,213,201,35,74,0,11,24.9973376,121.3388964,1124,414,120
3,桃園市,034556,市立會稽國中,6,8,8,80,85,115,84,96,99,104,105,13,46,1,8,25.0161645,121.3137939,559,209,68
3,桃園市,034557,市立楊光國中(小),7,7,7,88,83,82,86,90,92,103,93,18,36,4,9,24.9065424,121.1685333,521,196,67
3,桃園市,034559,市立迴龍國中(小),3,3,3,20,27,31,28,30,27,34,32,8,17,2,6,25.0194748,121.4050795,163,66,33
3,桃園市,034560,市立平鎮國中,18,18,18,243,257,253,243,271,224,288,231,39,98,1,13,24.9450671,121.2182482,1491,519,151
3,桃園市,034561,市立武漢國中,7,6,7,99,80,86,77,93,90,94,98,12,40,3,3,24.8789771,121.2320206,525,192,58
3,桃園市,034562,市立經國國中,6,5,6,85,57,65,51,79,56,71,74,20,29,2,6,25.0217249,121.3039678,393,145,57
3,桃園市,034563,市立過嶺國中,10,9,11,137,135,117,134,168,144,144,120,31,44,2,8,24.9604207,121.1754012,835,264,85
3,桃園市,034564,市立瑞坪國中,8,9,11,106,97,118,122,130,133,150,124,17,56,3,7,24.9070085,121.1806279,706,274,83
3,桃園市,034565,市立青埔國中,12,10,11,168,168,153,134,150,162,133,117,25,57,4,5,25.0110225,121.2059626,935,250,91
4,新竹縣,041303,私立義民高中附設國中部,7,7,7,183,132,187,128,164,147,171,142,0,0,0,0,24.8391368,121.0040633,941,313,0
4,新竹縣,041305,私立忠信高中附設國中部,1,1,1,5,5,6,3,6,7,33,32,0,0,0,0,24.881078,121.001876,32,65,0
4,新竹縣,041306,私立東泰中學附設國中部,2,2,1,21,19,29,18,23,6,25,19,0,0,0,0,24.7115673,121.0983351,116,44,0
4,新竹縣,041307,私立仰德高中附設國中部,5,5,5,98,92,127,60,107,72,93,65,0,0,0,0,24.8815898,121.0051968,556,158,0
4,新竹縣,041401,私立內思高工附設國中部,1,0,0,17,18,0,0,0,0,0,0,0,0,0,0,24.828444,121.0824601,35,0,0
4,新竹縣,041501,私立康乃薾國中(小),4,3,3,55,63,53,47,42,48,41,52,5,16,2,5,24.8053098,121.0361385,308,93,28
4,新竹縣,044311,縣立六家高中附設國中部,5,5,4,58,60,47,71,55,50,52,42,0,0,0,0,24.8210147,121.0318342,341,94,0
4,新竹縣,044320,縣立湖口高中附設國中部,13,16,15,184,191,233,189,222,185,182,202,0,0,0,0,24.8906561,121.0529741,1204,384,0
4,新竹縣,044501,縣立竹東國中,12,11,13,152,138,135,154,154,127,162,166,15,78,1,9,24.7360956,121.0870979,860,328,103
4,新竹縣,044502,縣立二重國中,9,9,9,145,129,144,115,123,108,152,124,16,56,1,6,24.764667,121.054678,764,276,79
4,新竹縣,044503,縣立員東國中,3,3,4,37,20,30,21,24,34,42,28,11,16,0,3,24.7071462,121.0973737,166,70,30
4,新竹縣,044504,縣立關西國中,6,6,7,92,67,79,67,90,84,71,73,20,30,1,4,24.7984638,121.1728287,479,144,55
4,新竹縣,044506,縣立富光國中,3,2,3,23,16,27,19,25,31,34,34,6,20,0,4,24.7798384,121.1801753,141,68,30
4,新竹縣,044507,縣立新埔國中,4,4,5,53,54,56,45,76,60,75,63,10,27,0,5,25.0248193,121.4597107,344,138,42
4,新竹縣,044508,縣立照門國中,2,2,2,17,19,23,27,29,23,34,29,7,9,0,4,24.8491432,121.1132706,138,63,20
4,新竹縣,044509,縣立竹北國中,12,13,12,139,155,157,166,169,163,166,145,18,79,2,8,24.8410731,121.0004545,949,311,107
4,新竹縣,044510,縣立鳳岡國中,2,3,2,28,25,34,29,30,21,23,29,6,13,0,3,24.8638673,120.9663025,167,52,22
4,新竹縣,044512,縣立芎林國中,4,5,6,49,38,47,49,60,42,58,64,9,30,0,7,24.7619639,121.0917444,285,122,46
4,新竹縣,044514,縣立精華國中,1,1,1,8,6,11,7,9,11,9,15,1,8,1,2,24.9269382,121.0188762,52,24,12
4,新竹縣,044515,縣立橫山國中,3,2,2,29,27,25,27,27,28,19,21,6,16,0,3,24.7182737,121.1461593,163,40,25
4,新竹縣,044516,縣立華山國中,2,1,2,16,15,15,6,11,12,11,16,6,7,0,3,24.7177778,121.1091667,75,27,16
4,新竹縣,044517,縣立寶山國中,3,4,4,23,29,29,26,44,24,34,35,6,24,1,4,24.7644623,120.9908943,175,69,35
4,新竹縣,044518,縣立北埔國中,2,3,3,23,23,34,22,29,32,43,39,3,16,0,3,24.7042857,121.0477338,163,82,22
4,新竹縣,044519,縣立峨眉國中,1,1,1,7,4,9,4,13,2,13,9,1,8,0,3,24.6909542,121.0182791,39,22,12
4,新竹縣,044521,縣立新湖國中,7,8,8,102,93,103,102,112,90,90,104,20,38,1,8,24.9027351,121.0357297,602,194,67
4,新竹縣,044522,縣立中正國中,3,4,4,44,38,46,49,44,37,39,35,3,27,0,3,22.6720999,120.5086289,258,74,33
4,新竹縣,044523,縣立五峰國中,2,1,2,9,17,9,9,16,12,10,17,6,8,1,2,24.632381,121.1191009,72,27,17
4,新竹縣,044524,縣立尖石國中,3,4,3,33,37,50,37,33,38,37,40,11,17,2,2,24.707025,121.2023547,228,77,32
4,新竹縣,044525,縣立忠孝國中,11,11,12,150,149,148,152,155,181,170,144,20,61,0,7,24.8790533,120.9996157,935,314,88
4,新竹縣,044526,縣立博愛國中,10,10,10,115,124,130,131,143,113,140,128,15,61,3,7,24.829963,121.0069528,756,268,86
4,新竹縣,044527,縣立仁愛國中,14,14,14,218,178,212,196,215,181,218,189,21,85,0,12,24.8327902,121.014325,1200,407,118
4,新竹縣,044528,縣立自強國中,12,11,12,166,141,118,155,150,156,153,163,22,73,3,7,23.9978564,121.5992803,886,316,105
4,新竹縣,044529,縣立成功國中,17,18,17,250,245,264,258,222,262,251,229,21,108,1,11,24.8188646,121.0173831,1501,480,141
4,新竹縣,044530,縣立東興國中,22,16,14,324,291,222,212,220,178,168,118,32,91,2,2,24.8109512,121.0304328,1447,286,127
4,新竹縣,044531,縣立北平華德福實驗學校(國中),1,1,0,6,6,4,5,0,0,0,0,3,4,0,0,24.8524659,121.0863555,21,0,7
5,苗栗縣,050314,國立卓蘭高中附設國中部,3,5,4,42,30,47,48,49,51,66,59,0,0,0,0,24.312708,120.831961,267,125,0
5,苗栗縣,051302,私立君毅高中附設國中部,7,6,6,161,123,138,99,139,125,158,102,0,0,0,0,24.7010062,120.8830877,785,260,0
5,苗栗縣,051306,私立建台高中附設國中部,6,7,7,134,100,156,125,146,132,161,130,0,0,0,0,24.5602456,120.8149378,793,291,0
5,苗栗縣,051307,私立全人實驗高中附設國中部,1,1,1,0,3,6,3,11,2,8,3,0,0,0,0,24.3058986,120.8622756,25,11,0
5,苗栗縣,054308,縣立三義高中附設國中部,4,5,5,69,46,60,65,78,63,78,67,0,0,0,0,24.4090224,120.7655713,381,145,0
5,苗栗縣,054309,縣立苑裡高中附設國中部,10,10,11,122,149,129,129,134,137,157,114,0,0,0,0,24.438008,120.663488,800,271,0
5,苗栗縣,054317,縣立興華高中附設國中部,7,8,8,96,88,101,107,99,113,113,105,0,0,0,0,24.6858788,120.9363403,604,218,0
5,苗栗縣,054333,縣立大同高中附設國中部,3,3,3,36,34,29,30,27,32,25,28,0,0,0,0,22.678426,120.477654,188,53,0
5,苗栗縣,054501,縣立苗栗國中,5,5,6,33,42,34,53,44,54,50,37,17,36,2,4,24.5542379,120.8124939,260,87,59
5,苗栗縣,054502,縣立大倫國中,6,6,7,79,77,93,70,86,75,103,89,17,36,0,5,24.569831,120.830963,480,192,58
5,苗栗縣,054503,縣立明仁國中,15,15,14,234,190,204,182,197,171,230,190,41,74,2,9,24.5576,120.811701,1178,420,126
5,苗栗縣,054504,縣立頭屋國中,4,4,4,40,24,44,24,50,40,49,19,18,14,0,4,24.5782239,120.8490437,222,68,36
5,苗栗縣,054505,縣立公館國中,9,9,10,123,113,133,118,137,141,142,128,26,49,1,7,24.498079,120.8278956,765,270,83
5,苗栗縣,054506,縣立鶴岡國中,2,2,3,23,16,23,20,34,17,33,24,5,14,0,3,24.5285794,120.8308554,133,57,22
5,苗栗縣,054507,縣立文林國中,5,5,5,49,41,57,51,77,50,71,53,6,33,1,4,24.489767,120.789545,325,124,44
5,苗栗縣,054510,縣立致民國中,5,4,5,49,47,55,46,40,58,44,40,12,27,1,5,24.4185187,120.6860649,295,84,45
5,苗栗縣,054511,縣立通霄國中,6,6,6,73,69,67,76,75,78,76,84,20,30,4,3,24.4919877,120.67998,438,160,57
5,苗栗縣,054512,縣立南和國中,1,1,1,4,5,11,6,8,13,12,8,1,11,1,2,24.446906,120.72119,47,20,15
5,苗栗縣,054513,縣立烏眉國中,3,2,2,26,30,35,20,35,20,31,37,2,17,1,2,24.5062915,120.7157749,166,68,22
5,苗栗縣,054514,縣立啟新國中,2,1,1,13,18,10,17,12,15,12,13,7,4,1,2,24.561079,120.713353,85,25,14
5,苗栗縣,054515,縣立西湖國中,2,2,2,16,15,20,17,13,21,20,20,9,6,0,3,24.556177,120.75774,102,40,18
5,苗栗縣,054516,縣立頭份國中,12,12,10,175,159,180,155,170,129,159,162,23,62,0,7,24.6914555,120.9012055,968,321,92
5,苗栗縣,054518,縣立文英國中,2,2,3,25,22,14,35,34,26,34,32,4,17,0,4,24.6562278,120.880795,156,66,25
5,苗栗縣,054519,縣立竹南國中,14,11,11,180,169,145,155,150,146,142,159,30,65,1,9,24.6848113,120.8760679,945,301,105
5,苗栗縣,054520,縣立照南國中,16,17,17,250,220,244,252,262,206,250,198,35,84,1,10,24.694254,120.877365,1434,448,130
5,苗栗縣,054521,縣立三灣國中,2,2,3,20,19,25,11,29,22,18,26,6,13,1,2,24.6495538,120.9536484,126,44,22
5,苗栗縣,054522,縣立南庄國中,2,2,3,29,21,26,20,38,26,31,39,10,11,1,3,24.6004361,120.9994667,160,70,25
5,苗栗縣,054523,縣立造橋國中,1,2,2,14,13,20,19,21,17,18,13,6,10,0,3,24.6394481,120.8636532,104,31,19
5,苗栗縣,054524,縣立大西國中,2,2,2,23,11,21,23,22,14,29,15,5,13,1,2,24.624427,120.894748,114,44,21
5,苗栗縣,054525,縣立後龍國中,3,3,3,43,41,35,30,41,41,41,30,8,14,2,2,24.6166004,120.7845603,231,71,26
5,苗栗縣,054526,縣立維真國中,4,5,8,42,45,63,48,75,77,63,57,15,33,2,6,24.6121331,120.7945869,350,120,56
5,苗栗縣,054527,縣立大湖國中,2,2,2,22,16,11,11,22,27,27,17,7,11,2,1,24.4263934,120.8707982,109,44,21
5,苗栗縣,054528,縣立南湖國中,2,2,3,25,25,27,27,39,30,44,47,7,14,1,2,24.397253,120.867304,173,91,24
5,苗栗縣,054529,縣立獅潭國中,1,1,1,8,4,7,3,9,10,7,14,1,8,1,2,24.5445053,120.9228644,41,21,12
5,苗栗縣,054531,縣立泰安國中(小),1,1,1,5,2,5,8,4,6,1,4,3,6,3,2,24.422212,120.910496,30,5,14
5,苗栗縣,054532,縣立建國國中,14,12,13,159,155,142,152,155,163,169,158,23,67,2,7,24.9826898,121.3157472,926,327,99
5,苗栗縣,054534,縣立福興武術國中(小),2,2,2,17,8,22,6,18,7,12,9,5,11,1,4,24.425383,120.727704,78,21,21
5,苗栗縣,054535,縣立新港國中(小),3,3,4,41,34,37,26,49,44,42,31,9,16,0,6,23.5559483,120.3449036,231,73,31
6,臺中市,060323,國立中科實中附設國中部,4,4,4,66,52,63,57,61,58,59,61,0,0,0,0,24.2303236,120.6260535,357,120,0
6,臺中市,061310,私立大明高中附設國中部,3,2,3,37,49,40,33,46,37,30,28,0,0,0,0,24.116227,120.685708,242,58,0
6,臺中市,061313,私立明道高中附設國中部,20,20,20,569,420,601,390,563,403,555,404,0,0,0,0,24.1068736,120.6361535,2946,959,0
6,臺中市,061314,私立僑泰中學附設國中部,7,6,7,161,123,166,102,172,113,146,121,0,0,0,0,24.1117897,120.6669624,837,267,0
6,臺中市,061315,私立華盛頓高中附設國中部,6,6,6,166,108,155,102,174,97,154,97,0,0,0,0,24.1581869,120.74518,802,251,0
6,臺中市,061317,私立弘文高中附設國中部,8,8,8,228,162,219,151,209,151,237,165,0,0,0,0,24.2261308,120.704606,1120,402,0
6,臺中市,061318,私立立人高中附設國中部,6,6,6,157,102,112,120,134,80,178,122,0,0,0,0,24.1057001,120.691521,705,300,0
6,臺中市,061322,私立華德福大地實驗教育學校國中部,1,1,1,13,6,4,7,9,3,6,3,0,0,0,0,24.1020885,120.6276741,42,9,0
6,臺中市,063501,市立善水國中(小),1,1,1,0,0,1,0,0,0,0,0,4,7,1,2,24.2421318,120.5239738,1,0,14
6,臺中市,064308,市立后綜高中附設國中部,10,12,11,131,132,160,126,142,155,135,133,0,0,0,0,24.3064604,120.7231399,846,268,0
6,臺中市,064324,市立大里高中附設國中部,7,6,8,93,70,63,83,105,102,102,55,0,0,0,0,24.0950886,120.6789887,516,157,0
6,臺中市,064328,市立新社高中附設國中部,6,6,7,75,86,99,83,104,86,92,129,0,0,0,0,24.2386141,120.806864,533,221,0
6,臺中市,064336,市立長億高中附設國中部,11,12,11,166,158,163,157,163,185,168,130,0,0,0,0,24.1138805,120.7210106,992,298,0
6,臺中市,064342,市立中港高中附設國中部,11,11,11,183,175,192,186,166,188,157,201,0,0,0,0,24.2442409,120.5419946,1090,358,0
6,臺中市,064350,市立龍津高中附設國中部,8,8,7,115,104,101,109,96,91,100,93,0,0,0,0,24.204669,120.521466,616,193,0
6,臺中市,064501,市立豐原國中,12,13,16,150,163,181,160,199,154,187,154,34,65,3,9,24.2616162,120.7197251,1007,341,111
6,臺中市,064502,市立豐東國中,22,21,21,304,317,322,276,321,310,296,279,44,116,2,11,24.247688,120.7296032,1850,575,173
6,臺中市,064503,市立豐南國中,17,17,16,225,234,236,207,210,241,288,240,41,87,3,9,24.239154,120.716777,1353,528,140
6,臺中市,064504,市立潭子國中,10,9,8,105,123,102,103,109,100,89,127,16,51,3,5,24.2096079,120.7081277,642,216,75
6,臺中市,064505,市立大雅國中,15,14,16,180,203,178,184,187,202,194,190,40,78,2,7,24.2238501,120.6496866,1134,384,127
6,臺中市,064506,市立神岡國中,9,9,9,127,98,124,121,121,108,101,94,21,48,4,4,24.246864,120.681939,699,195,77
6,臺中市,064507,市立后里國中,7,8,8,86,87,123,89,113,94,127,110,21,37,0,9,24.307963,120.6954847,592,237,67
6,臺中市,064509,市立外埔國中,5,7,7,61,70,93,73,89,83,102,90,17,31,1,7,24.3322462,120.6508031,469,192,56
6,臺中市,064510,市立大甲國中,17,17,18,231,201,254,186,227,245,232,219,47,88,3,9,24.353289,120.6224064,1344,451,147
6,臺中市,064511,市立日南國中,9,10,10,125,115,134,133,156,106,120,135,19,52,2,6,24.3780162,120.6523129,769,255,79
6,臺中市,064512,市立大安國中,3,3,3,19,20,29,27,26,32,24,44,10,12,0,6,25.030845,121.54617,153,68,28
6,臺中市,064513,市立清水國中,21,20,21,293,270,295,270,294,297,319,279,45,112,2,11,24.267959,120.562458,1719,598,170
6,臺中市,064514,市立清泉國中,5,6,7,56,49,84,47,79,60,83,66,19,30,3,4,24.305823,120.59252,375,149,56
6,臺中市,064515,市立沙鹿國中,19,19,19,256,236,251,214,282,251,269,224,44,90,0,12,24.2349537,120.5633231,1490,493,146
6,臺中市,064516,市立梧棲國中,8,8,11,104,105,92,102,141,92,120,106,28,37,1,7,24.2526956,120.532722,636,226,73
6,臺中市,064517,市立龍井國中,6,6,6,78,75,80,74,72,63,89,100,17,32,1,7,24.1919161,120.5433808,442,189,57
6,臺中市,064518,市立四箴國中,8,8,9,112,83,111,103,125,113,110,119,13,54,2,6,24.1792488,120.5759848,647,229,75
6,臺中市,064519,市立大道國中,10,12,14,128,135,136,148,166,143,131,181,27,66,3,8,24.1471742,120.5498765,856,312,104
6,臺中市,064520,市立烏日國中,5,4,4,47,48,49,45,51,55,61,45,9,23,0,6,24.1050716,120.6174006,295,106,38
6,臺中市,064521,市立溪南國中,4,4,4,40,35,33,31,29,40,53,50,12,17,2,4,24.0721933,120.6442611,208,103,35
6,臺中市,064522,市立霧峰國中,6,5,6,47,47,61,44,63,59,75,77,14,29,1,7,24.0673817,120.6888231,321,152,51
6,臺中市,064523,市立光復國中(小),10,10,11,146,120,152,108,164,136,141,151,29,48,4,5,24.0439315,120.6892654,826,292,86
6,臺中市,064525,市立太平國中,10,10,13,139,144,146,118,161,160,158,138,25,60,2,7,24.1482037,120.7345688,868,296,94
6,臺中市,064526,市立中平國中,8,10,11,91,87,103,116,107,102,125,121,24,51,2,5,25.0535488,121.4438365,606,246,82
6,臺中市,064527,市立石岡國中,5,5,6,53,42,55,50,55,42,53,61,14,24,2,6,24.266841,120.79648,297,114,46
6,臺中市,064529,市立東勢國中,13,12,14,172,166,163,147,196,167,174,189,38,59,4,7,24.250894,120.832342,1011,363,108
6,臺中市,064530,市立東華國中,3,3,3,26,13,20,23,21,19,16,16,10,15,3,2,24.2053518,120.8403834,122,32,30
6,臺中市,064531,市立東新國中,3,4,4,25,14,25,24,28,25,32,35,9,20,2,3,24.2629745,120.8296956,141,67,34
6,臺中市,064532,市立成功國中,19,19,18,271,252,247,234,259,230,264,251,37,107,3,9,24.0940491,120.6992732,1493,515,156
6,臺中市,064533,市立和平國中,2,2,2,7,8,4,9,9,8,7,8,7,9,2,2,25.0196314,121.5491522,45,15,20
6,臺中市,064534,市立北勢國中,7,6,6,101,86,90,68,79,62,87,65,21,30,1,6,24.2252129,120.5691939,486,152,58
6,臺中市,064535,市立鹿寮國中,11,11,10,164,170,178,161,142,147,140,146,20,57,2,7,24.2438043,120.5667501,962,286,86
6,臺中市,064537,市立光榮國中,18,16,20,229,262,230,230,296,268,268,256,52,94,0,12,25.0704534,121.4999178,1515,524,158
6,臺中市,064538,市立潭秀國中,12,12,13,187,166,176,154,199,159,200,177,26,65,3,7,24.2161685,120.6995802,1041,377,101
6,臺中市,064539,市立順天國中,11,12,13,121,129,161,145,162,151,171,164,27,65,2,8,24.350426,120.6153585,869,335,102
6,臺中市,064540,市立清海國中,2,2,2,11,9,11,11,14,16,19,10,11,6,1,4,24.2767126,120.5540226,72,29,22
6,臺中市,064541,市立大華國中,18,18,19,247,260,282,227,249,264,274,247,34,99,2,10,24.2162867,120.6508118,1529,521,145
6,臺中市,064543,市立新光國中,17,15,16,235,226,212,205,216,239,241,211,28,87,4,9,24.1581429,120.7093801,1333,452,128
6,臺中市,064544,市立光正國中,8,7,9,107,109,98,94,113,114,130,114,20,40,3,5,24.0962682,120.7181211,635,244,68
6,臺中市,064545,市立豐陽國中,8,8,10,104,100,84,95,112,95,108,105,27,40,1,7,24.2623377,120.7445288,590,213,75
6,臺中市,064546,市立光德國中,13,15,15,194,165,195,210,208,219,236,180,35,72,2,10,24.1058285,120.6415987,1191,416,119
6,臺中市,064547,市立立新國中,6,7,6,75,52,71,60,82,63,74,68,20,33,2,6,24.1043277,120.6972183,403,142,61
6,臺中市,064548,市立爽文國中,16,16,15,240,248,232,217,216,208,196,205,31,82,1,11,24.1072573,120.6776851,1361,401,125
6,臺中市,064549,市立公明國中,3,3,3,24,38,36,41,38,31,34,32,11,12,2,3,24.2495101,120.5986388,208,66,28
6,臺中市,064551,市立神圳國中,7,7,8,86,90,92,74,97,90,97,93,18,38,2,6,24.2609052,120.6585902,529,190,64
6,臺中市,064552,市立梨山國中(小),2,2,2,9,6,15,11,6,21,9,16,6,10,1,3,24.255672,121.25945,68,25,20
7,彰化縣,071311,私立精誠高中附設國中部,13,13,13,366,259,408,248,336,295,391,265,0,0,0,0,24.0731321,120.5272945,1912,656,0
7,彰化縣,071317,私立文興高中附設國中部,7,7,5,184,151,188,136,156,102,124,130,0,0,0,0,23.867111,120.5868495,917,254,0
7,彰化縣,071318,私立正德高中附設國中部,1,1,1,2,3,2,3,4,0,6,3,0,0,0,0,24.0587655,120.5184684,14,9,0
7,彰化縣,074308,縣立彰化藝術高中附設國中部,6,6,7,51,41,47,68,73,50,77,59,0,0,0,0,24.078871,120.554266,330,136,0
7,彰化縣,074313,縣立二林高中附設國中部,10,13,13,128,120,157,173,191,172,207,165,0,0,0,0,23.8901258,120.359044,941,372,0
7,彰化縣,074323,縣立和美高中附設國中部,13,13,15,198,164,188,172,207,210,211,213,0,0,0,0,24.1132428,120.49367,1139,424,0
7,彰化縣,074328,縣立田中高中附設國中部,10,11,12,146,128,148,148,167,143,169,154,0,0,0,0,23.8555119,120.5887042,880,323,0
7,彰化縣,074339,縣立成功高中附設國中部,7,9,9,107,91,116,114,130,120,128,109,0,0,0,0,23.9515136,120.4718336,678,237,0
7,彰化縣,074501,縣立北斗國中,7,9,10,112,98,132,116,147,140,156,131,24,48,4,5,23.8758755,120.5213474,745,287,81
7,彰化縣,074502,縣立鹿港國中,17,20,20,252,234,283,274,296,288,299,288,39,94,3,10,24.0514633,120.439298,1627,587,146
7,彰化縣,074503,縣立鹿鳴國中,9,10,10,125,116,148,122,138,120,152,121,31,40,2,5,24.0988443,120.4690469,769,273,78
7,彰化縣,074504,縣立線西國中,5,5,5,64,60,60,66,76,61,82,61,17,21,1,6,24.1308535,120.4682133,387,143,45
7,彰化縣,074505,縣立陽明國中,14,15,16,227,176,241,204,173,219,265,200,39,79,4,10,22.6430211,120.3403786,1240,465,132
7,彰化縣,074506,縣立彰安國中,10,9,10,123,122,119,123,109,133,116,123,19,59,2,9,24.0705957,120.5355787,729,239,89
7,彰化縣,074507,縣立彰德國中,6,8,7,73,92,85,102,106,94,123,113,11,42,4,4,24.0798957,120.5896033,552,236,61
7,彰化縣,074509,縣立芬園國中,4,4,4,46,61,43,47,51,54,81,71,12,19,2,5,24.011875,120.6266069,302,152,38
7,彰化縣,074510,縣立員林國中,15,14,17,213,181,230,171,242,236,240,236,37,72,0,13,23.963015,120.560476,1273,476,122
7,彰化縣,074511,縣立明倫國中,8,8,9,104,114,108,121,140,103,121,138,23,47,4,6,23.9477714,120.5857321,690,259,80
7,彰化縣,074512,縣立萬興國中,2,2,2,22,12,21,14,20,23,36,30,5,16,2,4,23.9554806,120.4158658,112,66,27
7,彰化縣,074514,縣立竹塘國中,7,7,7,89,96,97,100,87,107,122,110,23,30,2,5,23.8644921,120.425734,576,232,60
7,彰化縣,074515,縣立大城國中,3,4,5,42,29,63,41,57,63,62,57,12,20,3,4,23.852762,120.323964,295,119,39
7,彰化縣,074516,縣立草湖國中,3,4,4,47,27,49,53,54,39,54,59,12,17,1,6,23.958039,120.3783378,269,113,36
7,彰化縣,074517,縣立芳苑國中,3,3,3,38,24,34,29,37,33,37,42,7,17,3,2,23.923894,120.319969,195,79,29
7,彰化縣,074518,縣立溪湖國中,15,16,18,214,212,245,223,263,223,248,238,51,65,2,10,23.9669094,120.4802037,1380,486,128
7,彰化縣,074519,縣立埔鹽國中,5,6,6,79,55,65,67,78,77,115,60,21,26,1,6,23.9994179,120.4661178,421,175,54
7,彰化縣,074520,縣立埔心國中,4,5,5,47,64,63,55,62,50,90,65,14,28,2,6,23.953828,120.5430515,341,155,50
7,彰化縣,074521,縣立福興國中,11,11,12,177,124,158,133,176,172,190,171,35,46,5,7,24.0413503,120.4364587,940,361,93
7,彰化縣,074522,縣立秀水國中,13,15,15,201,177,216,186,241,186,244,246,31,81,3,10,24.036143,120.503737,1207,490,125
7,彰化縣,074524,縣立伸港國中,10,12,11,153,127,193,139,167,142,180,171,34,44,3,9,24.149187,120.485174,921,351,90
7,彰化縣,074525,縣立大村國中,6,7,6,74,73,94,74,70,81,113,84,18,30,2,5,23.9881417,120.5649809,466,197,55
7,彰化縣,074526,縣立花壇國中,8,9,9,112,87,100,97,120,113,139,116,23,43,2,6,24.0297049,120.549093,629,255,74
7,彰化縣,074527,縣立永靖國中,10,13,13,161,129,191,156,194,163,186,175,38,45,2,8,23.9304052,120.5513441,994,361,93
7,彰化縣,074529,縣立二水國中,2,3,3,34,14,43,21,39,25,40,39,9,13,3,3,23.8024767,120.6448314,176,79,28
7,彰化縣,074530,縣立社頭國中,7,9,10,108,79,121,117,140,133,153,149,22,53,2,9,23.9011661,120.5841277,698,302,86
7,彰化縣,074531,縣立田尾國中,7,8,8,102,76,114,79,125,106,97,102,16,40,2,6,23.8895222,120.5340049,602,199,64
7,彰化縣,074532,縣立溪州國中,4,3,5,57,53,48,38,63,55,65,52,13,16,2,6,23.8503991,120.4948694,314,117,37
7,彰化縣,074533,縣立溪陽國中,3,3,4,36,35,39,36,44,42,59,36,11,16,2,5,23.8243859,120.5440256,232,95,34
7,彰化縣,074534,縣立埤頭國中,7,8,8,109,95,113,104,127,105,141,122,24,37,2,7,23.880247,120.460393,653,263,70
7,彰化縣,074535,縣立和群國中,10,9,10,141,118,146,118,140,125,157,121,27,44,1,8,24.1114572,120.5194953,788,278,80
7,彰化縣,074536,縣立大同國中,24,23,25,339,330,306,352,323,349,374,322,58,110,6,11,22.678426,120.477654,1999,696,185
7,彰化縣,074537,縣立原斗國中(小),1,1,1,10,18,13,11,15,14,12,11,3,8,1,3,23.8944729,120.4263714,81,23,15
7,彰化縣,074538,縣立彰興國中,18,18,18,303,236,292,277,264,266,301,245,43,87,2,11,24.0592742,120.5382511,1638,546,143
7,彰化縣,074540,縣立彰泰國中,20,18,22,311,242,320,269,320,316,337,343,34,107,3,11,24.0914494,120.548645,1778,680,155
7,彰化縣,074541,縣立信義國中(小),4,4,4,54,40,50,42,40,37,41,59,12,21,2,8,24.0627225,120.5281398,263,100,43
7,彰化縣,074542,縣立鹿江國際國中(小),3,0,0,34,46,0,0,0,0,0,0,3,7,0,1,24.0654947,120.4380802,80,0,11
7,彰化縣,074543,縣立民權華德福實驗國中(小),1,0,0,1,4,0,0,0,0,0,0,1,2,1,0,23.9333538,120.3476673,5,0,4
7,彰化縣,07C301,誠正中學彰化分校附設國中部,0,0,2,0,0,0,2,4,1,0,0,0,0,0,0,23.8768466,120.6077288,7,0,0
8,南投縣,081312,私立三育高中附設國中部,1,1,1,17,10,18,13,16,14,27,18,0,0,0,0,23.9084174,120.9350563,88,45,0
8,南投縣,081313,私立弘明實驗高中國中部,2,2,2,17,21,19,18,21,19,21,29,0,0,0,0,23.8576862,120.6972649,115,50,0
8,南投縣,081314,私立普台中學國中部,6,6,6,123,69,120,96,86,84,111,70,0,0,0,0,23.9942691,120.93693,578,181,0
8,南投縣,081502,私立均頭國中(小),3,3,3,59,31,65,23,52,27,64,28,9,11,8,9,23.9503079,120.9729562,257,92,37
8,南投縣,084309,縣立旭光高中附設國中部,12,12,13,163,151,161,162,175,164,167,167,0,0,0,0,23.9795219,120.6945993,976,334,0
8,南投縣,084501,縣立南投國中,10,10,10,129,137,131,112,129,117,141,153,29,48,2,9,23.9130514,120.6754063,755,294,88
8,南投縣,084502,縣立南崗國中,9,10,12,125,106,133,119,162,153,187,116,37,49,2,8,23.8958218,120.6830195,798,303,96
8,南投縣,084503,縣立中興國中,18,19,19,282,229,271,281,290,264,281,254,44,101,4,10,23.931492,120.6938455,1617,535,159
8,南投縣,084504,縣立鳳鳴國中,1,1,1,8,8,6,7,17,6,13,11,5,7,1,3,24.967511,121.331827,52,24,16
8,南投縣,084505,縣立埔里國中,11,13,15,145,125,149,160,160,199,186,189,35,71,3,12,23.968138,120.96847,938,375,121
8,南投縣,084506,縣立大成國中,6,6,6,63,59,68,74,85,70,88,72,22,30,2,6,24.9581072,121.305089,419,160,60
8,南投縣,084507,縣立宏仁國中,13,12,11,188,168,174,161,139,159,156,170,34,54,1,9,23.9614151,120.9728156,989,326,98
8,南投縣,084508,縣立草屯國中,13,14,13,171,188,171,180,165,162,145,185,26,73,2,11,23.977259,120.685991,1037,330,112
8,南投縣,084510,縣立日新國中,3,3,3,28,40,31,36,46,36,43,35,9,13,0,5,23.9947408,120.6769951,217,78,27
8,南投縣,084511,縣立竹山國中,7,6,7,88,74,85,84,97,91,95,84,27,31,2,6,23.7533668,120.6818346,519,179,66
8,南投縣,084512,縣立延和國中,9,10,9,95,120,131,116,128,117,136,118,30,41,4,5,23.7604828,120.6950715,707,254,80
8,南投縣,084513,縣立社寮國中,1,1,1,4,5,7,6,6,10,10,6,3,9,0,4,23.8087654,120.7204455,38,16,16
8,南投縣,084514,縣立瑞竹國中,1,1,1,5,5,5,3,9,3,6,11,4,8,1,1,23.6674163,120.6709032,30,17,14
8,南投縣,084515,縣立集集國中,2,2,3,12,18,24,19,28,24,27,26,7,15,1,4,23.831825,120.7844139,125,53,27
8,南投縣,084516,縣立名間國中,5,5,5,56,48,64,47,54,69,65,72,15,27,0,7,23.844906,120.6951144,338,137,49
8,南投縣,084517,縣立三光國中,4,5,4,45,36,75,33,53,40,59,33,12,25,1,3,24.1672395,120.6984857,282,92,41
8,南投縣,084518,縣立鹿谷國中,2,2,2,23,11,20,19,17,21,23,17,11,8,2,2,23.7490928,120.7589191,111,40,23
8,南投縣,084519,縣立瑞峰國中,1,1,1,3,2,2,2,4,3,6,3,4,8,2,2,23.7825685,120.7762717,16,9,16
8,南投縣,084520,縣立中寮國中,2,1,2,16,18,12,12,24,22,19,25,3,10,2,3,23.8840263,120.7661448,104,44,18
8,南投縣,084521,縣立爽文國中,2,2,2,16,17,20,9,23,10,19,15,10,8,0,4,23.9333751,120.76193,95,34,22
8,南投縣,084522,縣立魚池國中,2,2,2,13,15,20,27,20,19,39,27,5,15,2,2,23.8944602,120.9317344,114,66,24
8,南投縣,084523,縣立明潭國中,1,1,1,2,2,0,1,2,4,4,4,4,8,1,2,23.8682513,120.9110706,11,8,15
8,南投縣,084524,縣立國姓國中,2,3,3,26,30,39,32,35,40,47,44,8,16,1,3,24.042665,120.858612,202,91,28
8,南投縣,084525,縣立北梅國中,1,1,1,9,11,9,11,3,8,12,11,6,7,0,4,24.0572269,120.9116462,51,23,17
8,南投縣,084526,縣立北山國中,1,1,1,10,12,14,6,9,10,22,12,6,7,3,1,23.9806038,120.8732203,61,34,17
8,南投縣,084527,縣立水里國中,4,5,6,61,54,63,68,80,71,67,83,12,27,3,4,23.8104697,120.8568926,397,150,46
8,南投縣,084528,縣立民和國中,2,2,2,14,15,16,16,15,19,17,16,10,9,1,3,23.798001,120.9181474,95,33,23
8,南投縣,084529,縣立信義國中,1,2,1,9,10,12,15,11,11,8,12,6,9,3,2,23.696674,120.854169,68,20,20
8,南投縣,084530,縣立同富國中,2,2,2,16,24,20,15,22,26,30,26,12,7,1,4,23.59513,120.8874004,123,56,24
8,南投縣,084531,縣立仁愛國中,2,2,3,11,18,28,25,22,31,24,34,9,12,2,3,24.8327902,121.014325,135,58,26
8,南投縣,084532,縣立營北國中,4,5,6,53,36,63,51,75,57,76,60,15,25,2,5,23.9522122,120.6866696,335,136,47
9,雲林縣,091307,私立永年高中附設國中部,3,3,3,70,30,56,34,66,40,81,43,0,0,0,0,23.6797617,120.3998417,296,124,0
9,雲林縣,091308,私立正心高中附設國中部,12,13,14,277,206,273,202,294,217,346,251,0,0,0,0,23.7150432,120.5282857,1469,597,0
9,雲林縣,091311,私立文生高中附設國中部,2,2,2,53,37,46,41,51,40,56,33,0,0,0,0,23.6326997,120.2265183,268,89,0
9,雲林縣,091316,私立揚子高中附設國中部,5,5,5,154,73,147,76,132,79,139,76,0,0,0,0,23.6966464,120.4231492,661,215,0
9,雲林縣,091319,私立福智高中附設國中部,3,3,4,36,51,42,67,74,62,65,61,0,0,0,0,23.6330383,120.5231125,332,126,0
9,雲林縣,091320,私立維多利亞高中附設國中部,3,2,2,50,48,35,31,34,35,22,19,0,0,0,0,23.679668,120.5525074,233,41,0
9,雲林縣,091502,私立淵明國中,10,10,9,180,112,171,101,154,91,167,107,22,42,3,6,23.754222,120.614428,809,274,73
9,雲林縣,091503,私立東南國中(代用),17,18,16,23,470,22,501,22,440,23,489,44,63,1,9,23.8027207,120.4518606,1478,512,117
9,雲林縣,094301,縣立斗南高中附設國中部,8,7,10,118,105,106,99,123,117,143,121,0,0,0,0,23.6818742,120.4758371,668,264,0
9,雲林縣,094307,縣立麥寮高中附設國中部,9,9,12,131,141,143,127,171,171,194,148,0,0,0,0,23.7576416,120.2512806,884,342,0
9,雲林縣,094308,縣立古坑華德福實驗高中附設國中部,2,2,2,16,10,24,17,10,13,12,8,0,0,0,0,23.6306774,120.6154051,90,20,0
9,雲林縣,094326,縣立蔦松高中附設國中部,4,4,4,32,52,35,47,38,46,32,50,0,0,0,0,23.5217265,120.2299138,250,82,0
9,雲林縣,094502,縣立東明國中,4,5,6,61,45,67,60,64,84,67,76,14,25,1,7,23.6776016,120.470115,381,143,47
9,雲林縣,094503,縣立大埤國中,3,3,4,34,41,49,43,46,31,51,43,9,17,1,5,23.641869,120.430153,244,94,32
9,雲林縣,094504,縣立飛沙國中,1,2,2,13,19,29,24,27,26,22,29,5,12,2,2,23.6429484,120.1731827,138,51,21
9,雲林縣,094505,縣立四湖國中,2,1,2,20,17,15,13,20,25,33,18,6,9,1,3,23.630123,120.227439,110,51,19
9,雲林縣,094506,縣立水林國中,3,3,3,33,31,38,40,36,35,47,38,10,14,1,5,23.57237,120.248045,213,85,30
9,雲林縣,094508,縣立二崙國中,6,6,7,107,54,106,57,99,61,113,72,15,34,4,3,23.7734882,120.4076915,484,185,56
9,雲林縣,094509,縣立褒忠國中,2,2,2,21,19,24,30,30,17,26,16,8,8,1,3,23.6994368,120.3109085,141,42,20
9,雲林縣,094510,縣立莿桐國中,4,4,5,51,50,69,47,83,48,78,53,14,21,2,5,23.7497516,120.5075965,348,131,42
9,雲林縣,094511,縣立崙背國中,6,7,7,95,70,114,71,104,79,105,90,19,32,1,8,23.7579343,120.3491074,533,195,60
9,雲林縣,094512,縣立古坑國中(小),3,3,4,36,21,33,29,43,36,33,45,7,20,1,8,23.646016,120.566952,198,78,36
9,雲林縣,094513,縣立東勢國中,3,3,3,37,32,36,32,40,31,37,45,8,16,2,4,24.250894,120.832342,208,82,30
9,雲林縣,094514,縣立元長國中,3,3,3,44,34,44,39,43,31,45,37,10,14,1,3,23.645097,120.316927,235,82,28
9,雲林縣,094515,縣立斗六國中,19,18,18,283,266,291,275,264,242,289,239,41,99,2,11,23.7129929,120.5512165,1621,528,153
9,雲林縣,094516,縣立雲林國中,9,9,10,115,92,124,108,130,122,108,133,22,50,1,8,23.6998721,120.532683,691,241,81
9,雲林縣,094517,縣立虎尾國中,3,3,4,49,37,45,22,49,52,49,39,12,17,1,5,23.7242456,120.4566637,254,88,35
9,雲林縣,094518,縣立崇德國中,13,12,13,178,158,184,153,177,175,196,140,37,59,1,12,23.715591,120.4176633,1025,336,109
9,雲林縣,094519,縣立西螺國中,6,5,6,126,3,144,8,155,6,163,5,25,21,2,7,23.7932286,120.4600875,442,168,55
9,雲林縣,094520,縣立北港國中,6,5,5,74,53,65,62,75,76,95,84,14,27,4,4,23.5657109,120.2991743,405,179,49
9,雲林縣,094521,縣立建國國中,11,13,14,149,163,204,172,194,191,179,163,31,62,6,7,24.9826898,121.3157472,1073,342,106
9,雲林縣,094522,縣立宜梧國中,2,1,1,21,12,12,8,13,13,21,12,3,9,0,3,23.547177,120.194823,79,33,15
9,雲林縣,094523,縣立口湖國中,3,3,4,45,32,36,25,43,38,30,46,13,13,2,2,23.5876126,120.1846536,219,76,30
9,雲林縣,094524,縣立臺西國中,4,4,5,57,40,57,37,72,51,57,51,18,16,3,4,23.700932,120.191577,314,108,41
9,雲林縣,094525,縣立土庫國中,8,8,9,116,92,117,108,135,109,128,128,23,40,3,7,23.6863634,120.3885703,677,256,73
9,雲林縣,094527,縣立東和國中,3,4,4,48,33,44,53,46,55,45,53,11,20,0,7,23.6865454,120.5677622,279,98,38
9,雲林縣,094528,縣立馬光國中,4,4,4,44,31,69,38,49,35,72,40,8,23,2,5,23.693844,120.356008,266,112,38
9,雲林縣,094529,縣立石榴國中,3,3,3,38,26,43,39,38,38,67,54,13,11,0,5,23.7231027,120.586746,222,121,29
9,雲林縣,094530,縣立林內國中,2,2,2,22,27,26,29,22,26,40,39,8,9,1,3,23.7559799,120.5936515,152,79,21
9,雲林縣,094543,縣立東仁國中,5,5,5,82,72,80,78,77,79,70,80,12,28,1,6,23.714138,120.440068,468,150,47
9,雲林縣,094544,縣立樟湖生態國中(小),2,2,2,15,9,17,12,16,9,23,8,7,8,3,1,23.6041623,120.6321106,78,31,19
10,嘉義縣,101303,私立同濟高中附設國中部,1,1,1,22,8,21,8,17,15,50,25,0,0,0,0,23.604358,120.473369,91,75,0
10,嘉義縣,101304,私立協同高中附設國中部,9,10,9,207,179,219,210,196,159,207,151,0,0,0,0,23.5321684,120.4367027,1170,358,0
10,嘉義縣,104319,縣立竹崎高中附設國中部,7,6,9,96,75,73,76,103,95,93,79,0,0,0,0,23.5211813,120.5530783,518,172,0
10,嘉義縣,104326,縣立永慶高中附設國中部,6,6,6,86,73,89,76,91,82,86,90,0,0,0,0,23.46505,120.294687,497,176,0
10,嘉義縣,104501,縣立朴子國中,8,9,9,25,187,18,217,0,231,0,225,23,45,3,5,23.4613476,120.2390451,678,225,76
10,嘉義縣,104502,縣立東石國中,8,8,11,205,12,207,14,244,13,244,11,19,52,1,9,23.4667656,120.2498381,695,255,81
10,嘉義縣,104503,縣立布袋國中,2,3,3,18,19,27,28,21,27,33,23,13,11,2,1,23.3602515,120.1805791,140,56,27
10,嘉義縣,104504,縣立過溝國中,2,3,4,15,21,30,34,49,27,46,38,9,13,0,4,23.421663,120.182961,176,84,26
10,嘉義縣,104505,縣立大林國中,7,8,9,96,86,94,96,115,92,128,86,24,42,1,7,23.608314,120.4549717,579,214,74
10,嘉義縣,104506,縣立新港國中,11,13,16,158,152,187,171,235,187,210,228,31,73,2,9,23.5578448,120.3431122,1090,438,115
10,嘉義縣,104507,縣立民雄國中,14,15,16,172,155,215,196,183,190,228,211,42,74,1,10,23.5569592,120.4202614,1111,439,127
10,嘉義縣,104508,縣立大吉國中,4,5,5,48,36,52,63,60,43,50,51,11,25,0,4,23.5151489,120.4871826,302,101,40
10,嘉義縣,104509,縣立六嘉國中,2,4,3,31,22,39,34,34,33,49,33,11,14,2,3,23.5012899,120.2915506,193,82,30
10,嘉義縣,104511,縣立太保國中,4,4,5,35,52,39,46,70,50,59,74,10,26,1,6,23.4549092,120.3292685,292,133,43
10,嘉義縣,104512,縣立嘉新國中,5,4,5,72,60,56,62,58,67,65,70,18,17,2,3,23.5003895,120.3780005,375,135,40
10,嘉義縣,104513,縣立溪口國中,2,2,2,13,23,31,21,18,17,23,23,6,12,0,4,23.605513,120.40348,123,46,22
10,嘉義縣,104514,縣立鹿草國中,3,3,4,33,37,39,32,50,42,45,46,11,16,1,4,23.4092448,120.3133825,233,91,32
10,嘉義縣,104515,縣立東榮國中,2,2,2,22,16,25,19,31,26,41,25,7,11,1,3,23.4618236,120.1731929,139,66,22
10,嘉義縣,104516,縣立水上國中,6,8,7,85,60,88,91,86,90,92,96,17,39,3,4,23.4255767,120.3951298,500,188,63
10,嘉義縣,104517,縣立忠和國中,5,5,5,57,45,60,49,70,55,57,49,12,26,3,4,23.4251557,120.4511236,336,106,45
10,嘉義縣,104518,縣立中埔國中,5,5,8,57,52,68,58,63,74,85,60,15,31,1,6,23.4241818,120.52183,372,145,53
10,嘉義縣,104520,縣立昇平國中,2,2,3,23,28,27,28,26,30,38,30,7,11,1,2,23.4853234,120.5577497,162,68,21
10,嘉義縣,104521,縣立義竹國中,4,6,6,53,48,65,56,77,72,66,68,17,27,1,5,23.3419918,120.2504613,371,134,50
10,嘉義縣,104522,縣立民和國中,4,4,4,37,16,35,17,35,27,26,26,14,22,2,4,23.798001,120.9181474,167,52,42
10,嘉義縣,104523,縣立梅山國中,4,4,5,45,42,55,43,57,36,51,41,11,22,2,2,23.5870139,120.5604861,278,92,37
10,嘉義縣,104524,縣立大埔國中(小),1,1,1,5,3,3,5,5,6,9,10,4,8,1,2,23.2943985,120.5916167,27,19,15
10,嘉義縣,104526,縣立阿里山國中(小),1,1,1,9,5,8,3,10,8,9,11,6,6,2,3,23.468368,120.702171,43,20,17
10,嘉義縣,104527,縣立豐山實驗國中(小),1,1,1,1,0,2,4,3,0,2,5,6,4,0,2,23.5760618,120.7499792,10,7,12
11,臺南市,110328,國立南科高級實驗中學附設國中部,9,8,8,134,106,115,103,110,112,120,91,0,0,0,0,23.1060327,120.2922443,680,211,0
11,臺南市,111313,私立南光高中附設國中,7,6,6,159,155,172,128,163,130,180,142,0,0,0,0,23.2981915,120.3148321,907,322,0
11,臺南市,111318,私立鳳和高中附設國中,0,0,1,0,0,0,0,5,7,11,12,0,0,0,0,23.2796354,120.326017,12,23,0
11,臺南市,111320,私立港明高中附設國中,10,10,10,287,196,271,181,272,167,264,181,0,0,0,0,23.1189915,120.1952371,1374,445,0
11,臺南市,111321,私立興國高中附設國中,5,6,7,119,80,146,87,126,114,186,106,0,0,0,0,23.3128662,120.3223801,672,292,0
11,臺南市,111322,私立明達高中附設國中,2,2,2,40,30,38,21,40,27,51,42,0,0,0,0,23.3105731,120.2746819,196,93,0
11,臺南市,111323,方濟會學校財團法人臺南市黎明高中附設國中部,8,8,9,194,163,168,163,229,188,225,164,0,0,0,0,23.1733109,120.2471809,1105,389,0
11,臺南市,111502,私立昭明國中(代用),9,9,9,164,151,156,155,153,155,171,132,25,33,5,4,23.1418954,120.1434133,934,303,67
11,臺南市,114306,市立大灣高中附設國中,17,16,17,285,195,262,181,244,237,253,247,0,0,0,0,23.00666,120.2729047,1404,500,0
11,臺南市,114307,市立永仁高中附設國中部,8,9,10,76,81,89,97,85,111,90,110,0,0,0,0,23.0036078,120.2402968,539,200,0
11,臺南市,114501,市立仁德國中,7,8,8,107,73,124,85,114,87,123,84,16,46,3,5,22.956055,120.247516,590,207,70
11,臺南市,114502,市立仁德文賢國中,2,3,2,27,23,37,25,24,33,44,35,6,13,0,5,22.9218797,120.2357843,169,79,24
11,臺南市,114503,市立歸仁國中,16,15,18,225,210,224,195,274,228,251,185,36,78,2,10,22.9701939,120.293954,1356,436,126
11,臺南市,114504,市立關廟國中,6,6,8,73,83,76,81,99,92,108,97,11,37,1,6,22.9607306,120.3243118,504,205,55
11,臺南市,114505,市立永康國中,18,17,20,227,248,256,217,260,271,259,280,42,102,1,11,23.02773,120.256216,1479,539,156
11,臺南市,114508,市立龍崎國中,1,1,1,6,7,3,5,9,5,9,2,5,5,0,4,22.9684964,120.3607674,35,11,14
11,臺南市,114509,市立新化國中,10,11,12,132,120,131,125,149,113,136,114,23,55,3,6,23.033537,120.3122308,770,250,87
11,臺南市,114510,市立善化國中,8,9,8,100,96,108,121,125,92,96,103,17,45,3,6,23.1471128,120.2879407,642,199,71
11,臺南市,114511,市立玉井國中,3,5,4,40,34,44,52,47,48,55,36,9,23,3,4,23.123352,120.47018,265,91,39
11,臺南市,114512,市立山上國中,1,1,1,8,6,14,10,16,13,19,13,5,4,0,4,23.103629,120.357791,67,32,13
11,臺南市,114513,市立安定國中,5,6,6,72,60,81,63,78,74,90,85,17,27,1,5,23.1141906,120.2336254,428,175,50
11,臺南市,114514,市立楠西國中,2,2,3,20,22,24,18,28,32,30,22,11,7,0,5,23.18248,120.4843642,144,52,23
11,臺南市,114515,市立新市國中,8,8,9,102,111,104,110,118,103,118,99,20,44,1,8,23.084143,120.2999431,648,217,73
11,臺南市,114516,市立南化國中,1,1,1,10,9,14,13,14,10,11,13,4,6,1,2,23.0452909,120.4799909,70,24,13
11,臺南市,114517,市立左鎮國中,1,1,1,12,9,9,11,12,15,4,10,6,4,1,2,23.0566892,120.4109154,68,14,13
11,臺南市,114518,市立麻豆國中,10,10,11,111,144,123,123,121,123,141,168,25,56,4,5,23.1834869,120.259972,745,309,90
11,臺南市,114519,市立下營國中,4,4,6,59,48,62,42,68,44,81,55,11,25,1,6,23.2392777,120.2713999,323,136,43
11,臺南市,114520,市立六甲國中,6,6,9,75,68,69,67,100,86,76,74,17,37,1,7,23.2261655,120.3482349,465,150,62
11,臺南市,114521,市立官田國中,2,3,2,23,20,32,25,31,19,34,24,4,14,1,5,23.1889614,120.3155184,150,58,24
11,臺南市,114522,市立大內國中,2,2,2,16,19,25,21,32,19,30,22,10,8,2,4,23.1123431,120.3647741,132,52,24
11,臺南市,114523,市立佳里國中,14,14,16,186,212,180,176,204,159,208,184,41,72,2,9,23.1578538,120.1710495,1117,392,124
11,臺南市,114524,市立佳興國中,2,2,2,19,12,17,21,14,18,15,11,7,9,1,3,23.1834162,120.1959339,101,26,20
11,臺南市,114525,市立學甲國中,4,4,5,45,27,43,45,50,56,43,43,11,26,1,6,23.2368236,120.1834372,266,86,44
11,臺南市,114526,市立西港國中,3,4,3,38,29,42,48,46,41,35,37,6,22,1,5,23.1239583,120.2051889,244,72,34
11,臺南市,114527,市立將軍國中,1,2,2,12,13,20,16,23,19,18,24,8,10,0,5,23.2066568,120.1511484,103,42,23
11,臺南市,114528,市立後港國中,1,1,1,3,3,3,1,3,5,7,7,3,7,2,2,23.1885328,120.1347675,18,14,14
11,臺南市,114529,市立竹橋國中,1,2,2,13,9,18,13,17,23,14,19,5,9,2,2,23.1019577,120.1420942,93,33,18
11,臺南市,114530,市立北門國中,1,2,2,17,12,16,21,23,15,26,31,8,7,0,4,23.2528342,120.1290336,104,57,19
11,臺南市,114531,市立南新國中,11,10,13,124,114,126,134,138,163,136,173,32,64,2,7,23.3090172,120.3089612,799,309,105
11,臺南市,114532,市立太子國中,3,3,3,36,18,28,15,27,20,23,24,9,15,1,5,23.291612,120.2712839,144,47,30
11,臺南市,114533,市立新東國中,14,14,13,193,208,196,202,208,166,193,204,25,74,1,11,23.3118343,120.3237308,1173,397,111
11,臺南市,114534,市立鹽水國中,3,3,4,37,36,27,55,53,46,61,42,8,17,0,6,23.3218052,120.263352,254,103,31
11,臺南市,114535,市立白河國中,5,5,7,59,48,62,70,74,61,95,78,14,33,1,6,23.361898,120.424179,374,173,54
11,臺南市,114536,市立柳營國中,1,1,1,9,8,9,16,15,6,7,11,6,4,0,4,23.2801034,120.3318393,63,18,14
11,臺南市,114537,市立東山國中,3,3,3,19,23,19,18,26,23,31,31,12,12,2,3,24.1662931,120.7121387,128,62,29
11,臺南市,114538,市立東原國中,3,3,3,21,16,28,17,33,27,34,34,7,19,2,4,23.2726518,120.4522944,142,68,32
11,臺南市,114539,市立後壁國中,3,3,3,27,26,28,26,35,35,37,26,9,16,1,5,23.354092,120.359707,177,63,31
11,臺南市,114540,市立菁寮國中,1,1,1,7,8,13,5,5,10,11,11,5,5,2,3,23.3684606,120.33256,48,22,15
11,臺南市,114543,市立大橋國中,16,16,16,239,222,236,220,231,226,230,253,36,77,3,10,23.0216463,120.2315349,1374,483,126
11,臺南市,114544,市立沙崙國中,4,4,4,63,52,54,38,58,50,34,31,11,20,2,3,22.9296124,120.2819192,315,65,36
12,高雄市,121307,私立普門高中附設國中部,5,5,5,101,50,116,67,97,83,84,54,0,0,0,0,22.716617,120.446001,514,138,0
12,高雄市,121318,私立正義高中附設國中部,2,3,3,50,45,54,32,47,22,27,28,0,0,0,0,22.6025542,120.3397998,250,55,0
12,高雄市,121502,私立光禾華德福實驗學校(國中),1,1,0,4,3,6,6,0,0,0,0,0,3,0,0,22.6080409,120.4270968,19,0,3
12,高雄市,123501,市立巴楠花部落國中(小),1,0,0,7,3,0,0,0,0,0,0,3,4,0,2,22.9648377,120.5395018,10,0,9
12,高雄市,124302,市立文山高中附設國中部,8,9,8,119,98,103,111,122,107,107,125,0,0,0,0,22.6484436,120.3535462,660,232,0
12,高雄市,124311,市立林園高中附設國中部,17,17,17,221,229,244,234,240,250,258,268,0,0,0,0,22.5137204,120.3945114,1418,526,0
12,高雄市,124313,市立仁武高中附設國中部,8,8,9,113,106,113,106,122,110,108,107,0,0,0,0,22.7022904,120.3554411,670,215,0
12,高雄市,124322,市立路竹高中附設國中部,12,13,14,173,156,196,166,223,186,169,164,0,0,0,0,22.8552779,120.2523546,1100,333,0
12,高雄市,124333,市立六龜高中附設國中部,2,4,2,21,24,30,37,31,25,28,42,0,0,0,0,22.993343,120.635442,168,70,0
12,高雄市,124340,市立福誠高中附設國中部,13,14,13,205,185,250,179,224,191,195,169,0,0,0,0,22.5903287,120.3241829,1234,364,0
12,高雄市,124501,市立鳳山國中,21,22,22,326,285,321,318,290,342,307,310,42,113,2,14,22.624954,120.3721174,1882,617,171
12,高雄市,124503,市立鳳西國中,17,17,18,247,190,238,223,252,201,235,232,37,96,3,13,22.624954,120.3721174,1351,467,149
12,高雄市,124504,市立五甲國中,12,11,14,144,151,160,157,187,167,174,169,30,67,4,8,22.5981673,120.328659,966,343,109
12,高雄市,124505,市立鳳甲國中,17,17,17,258,219,243,235,242,226,251,199,37,88,5,9,22.616882,120.3425688,1423,450,139
12,高雄市,124506,市立忠孝國中,4,4,5,44,19,46,32,55,38,48,27,12,27,2,6,25.051247,121.5082165,234,75,47
12,高雄市,124507,市立大寮國中,11,11,13,145,157,153,133,152,163,144,146,31,54,2,7,22.6034583,120.3928667,903,290,94
12,高雄市,124508,市立潮寮國中,2,2,2,24,24,25,18,25,27,21,24,12,13,3,3,22.5644496,120.4247143,143,45,31
12,高雄市,124509,市立大樹國中,7,8,8,95,78,89,111,118,88,117,108,19,41,2,7,22.6577132,120.4230721,579,225,69
12,高雄市,124510,市立溪埔國中,3,3,3,30,34,31,31,49,28,50,32,7,20,1,4,22.7190601,120.4435042,203,82,32
12,高雄市,124512,市立鳥松國中,2,2,2,20,25,28,29,33,22,52,32,10,14,4,3,22.6663324,120.3720353,157,84,31
12,高雄市,124514,市立大社國中,6,6,7,94,70,86,87,90,85,114,97,14,37,1,7,22.7306201,120.3567142,512,211,59
12,高雄市,124515,市立岡山國中,16,19,19,241,215,275,248,296,246,287,242,47,86,2,13,22.790828,120.3031924,1521,529,148
12,高雄市,124516,市立前峰國中,10,11,10,139,144,174,123,147,123,138,126,36,44,1,9,22.7889384,120.2879124,850,264,90
12,高雄市,124517,市立永安國中,2,3,3,24,18,32,42,28,41,46,42,5,22,1,4,22.8233569,120.2403399,185,88,32
12,高雄市,124518,市立橋頭國中,9,10,10,118,104,129,124,135,116,131,120,22,54,2,6,22.7590798,120.307403,726,251,84
12,高雄市,124519,市立梓官國中,8,7,8,93,75,102,89,100,95,114,95,15,46,2,7,22.7624247,120.2634947,554,209,70
12,高雄市,124520,市立燕巢國中,6,5,5,62,62,72,68,71,57,78,86,12,33,1,6,22.785835,120.3625064,392,164,52
12,高雄市,124521,市立阿蓮國中,8,9,10,111,107,133,109,114,105,116,108,23,49,4,5,22.8850916,120.3258285,679,224,81
12,高雄市,124523,市立湖內國中,4,5,5,50,56,64,64,81,52,72,74,8,31,0,8,22.907885,120.22751,367,146,47
12,高雄市,124524,市立茄萣國中,6,7,7,74,65,86,70,82,68,79,75,21,33,3,7,22.9070887,120.1810957,445,154,64
12,高雄市,124525,市立田寮國中,1,1,1,9,6,10,11,15,12,15,9,6,6,1,2,22.863157,120.3601662,63,24,15
12,高雄市,124526,市立彌陀國中,6,4,6,58,71,53,47,79,76,80,67,11,34,5,3,22.7763249,120.2465854,384,147,53
12,高雄市,124527,市立旗山國中,10,11,10,135,129,137,136,151,134,145,135,30,57,3,7,22.8814503,120.4810926,822,280,97
12,高雄市,124528,市立圓富國中,2,2,2,19,10,22,21,16,32,26,28,8,13,1,4,22.9284154,120.5010606,120,54,26
12,高雄市,124529,市立大洲國中,1,1,2,12,9,10,11,14,13,17,23,6,9,1,2,22.835638,120.460497,69,40,18
12,高雄市,124530,市立美濃國中,5,5,5,51,52,66,42,61,43,73,59,19,22,3,5,22.8945406,120.5431778,315,132,49
12,高雄市,124531,市立南隆國中,4,4,5,44,45,52,56,70,63,51,68,16,23,1,7,22.866394,120.5345598,330,119,47
12,高雄市,124532,市立龍肚國中,2,2,2,16,17,21,17,19,21,30,23,8,12,2,4,22.8790179,120.5707985,111,53,26
12,高雄市,124534,市立寶來國中,1,1,1,6,9,12,12,8,15,12,12,4,12,2,2,23.1094321,120.7036045,62,24,20
12,高雄市,124535,市立杉林國中,2,2,3,16,16,24,23,29,32,37,31,12,14,2,4,22.9687263,120.541032,140,68,32
12,高雄市,124536,市立內門國中,2,2,2,22,22,21,24,28,26,35,37,12,11,0,5,22.9222431,120.4537867,143,72,28
12,高雄市,124537,市立甲仙國中,1,2,2,7,9,9,14,15,14,14,13,6,12,2,3,23.0810133,120.5919626,68,27,23
12,高雄市,124538,市立中芸國中,3,3,4,27,38,37,37,44,40,40,56,15,16,2,4,22.4858765,120.3953694,223,96,37
12,高雄市,124539,市立中庄國中,8,9,9,113,86,119,112,127,106,115,127,20,45,3,6,22.6364684,120.401749,663,242,74
12,高雄市,124541,市立蚵寮國中,3,2,3,34,24,23,29,39,29,33,35,12,12,3,3,22.7285495,120.2585692,178,68,30
12,高雄市,124542,市立那瑪夏國中,2,2,2,15,16,10,13,23,23,10,13,5,15,1,4,23.239841,120.697256,100,23,25
12,高雄市,124543,市立青年國中,15,16,17,240,190,219,233,268,227,270,244,35,89,1,14,22.6307783,120.3493223,1377,514,139
12,高雄市,124544,市立一甲國中,5,6,5,50,50,61,67,56,53,66,54,19,25,2,6,22.8683765,120.2723655,337,120,52
12,高雄市,124545,市立大灣國中,12,12,13,160,157,156,163,178,164,172,153,25,67,2,7,22.6764708,120.3421251,978,325,101
12,高雄市,124546,市立嘉興國中,3,3,3,27,29,29,32,36,35,34,35,11,18,3,3,22.8156734,120.3121654,188,69,35
12,高雄市,124547,市立茂林國中,1,1,1,3,6,5,2,7,7,4,3,5,7,0,4,22.8849452,120.6639377,30,7,16
12,高雄市,124548,市立桃源國中,2,2,2,9,14,11,8,8,18,9,8,9,9,1,3,25.1347115,121.477338,68,17,22
12,高雄市,124549,市立中崙國中,2,2,2,31,21,21,24,34,25,16,25,8,12,1,5,25.0487115,121.5611909,156,41,26
12,高雄市,124550,市立鳳翔國中,7,7,7,121,121,132,109,136,109,143,101,21,35,6,2,22.5971332,120.3480765,728,244,64
13,屏東縣,131308,私立陸興高中附設國中部,2,2,3,44,26,41,37,43,35,45,25,0,0,0,0,22.674615,120.5005095,226,70,0
13,屏東縣,131311,私立美和高中附設國中部,5,5,5,121,82,129,78,98,101,96,81,0,0,0,0,22.6006765,120.5600266,609,177,0
13,屏東縣,131501,私立南榮國中(代用),11,11,11,192,208,220,202,213,215,205,194,28,43,3,6,22.5133707,120.5182968,1250,399,80
13,屏東縣,131502,私立崇華國中,1,2,1,18,12,15,14,13,15,0,0,4,5,5,2,22.6821287,120.5477318,87,0,16
13,屏東縣,134304,縣立大同高中附設國中部,9,11,11,114,121,117,162,128,156,129,161,0,0,0,0,22.678426,120.477654,798,290,0
13,屏東縣,134321,縣立枋寮高中附設國中部,9,7,8,107,98,92,110,116,103,126,115,0,0,0,0,22.3706155,120.5903571,626,241,0
13,屏東縣,134324,縣立東港高中附設國中部,16,18,20,204,251,265,236,271,246,300,274,0,0,0,0,22.4648761,120.4553517,1473,574,0
13,屏東縣,134334,縣立來義中學附設國中部,3,3,3,44,24,37,33,29,22,36,22,0,0,0,0,22.52572,120.6296972,189,58,0
13,屏東縣,134501,縣立明正國中,23,23,24,322,355,297,316,367,335,341,319,60,105,1,11,22.6795669,120.4976171,1992,660,177
13,屏東縣,134502,縣立中正國中,18,19,21,244,235,273,264,274,266,280,263,47,101,3,10,22.6720999,120.5086289,1556,543,161
13,屏東縣,134503,縣立公正國中,5,4,5,56,39,61,37,58,49,63,40,11,26,1,6,22.6407893,120.4842587,300,103,44
13,屏東縣,134505,縣立鶴聲國中,8,7,8,112,93,119,68,122,99,152,120,24,35,1,8,22.6588033,120.4723409,613,272,68
13,屏東縣,134506,縣立至正國中,8,7,8,123,100,93,98,116,95,103,93,20,37,1,6,22.6911414,120.4936102,625,196,64
13,屏東縣,134507,縣立長治國中,4,5,4,50,26,47,36,41,34,56,34,14,20,0,5,22.6935377,120.5442428,234,90,39
13,屏東縣,134508,縣立麟洛國中,3,4,3,37,19,55,28,40,26,53,28,7,19,1,4,22.6407066,120.5360571,205,81,31
13,屏東縣,134509,縣立九如國中,6,6,7,82,58,78,72,87,91,85,77,23,25,3,4,22.717214,120.486393,468,162,55
13,屏東縣,134510,縣立里港國中,7,8,9,96,84,106,106,113,108,116,130,20,38,3,5,22.7709889,120.4962283,613,246,66
13,屏東縣,134511,縣立鹽埔國中,5,6,7,47,50,63,56,73,84,90,64,18,26,1,6,22.7531256,120.574506,373,154,51
13,屏東縣,134512,縣立高樹國中,4,5,5,47,52,51,63,63,63,58,56,14,24,2,4,22.816889,120.603629,339,114,44
13,屏東縣,134513,縣立高泰國中,3,3,3,38,29,38,23,36,35,44,40,12,12,0,4,22.7920273,120.6121605,199,84,28
13,屏東縣,134514,縣立內埔國中,6,6,9,74,67,86,78,119,112,115,107,23,33,1,8,22.6109593,120.5702291,536,222,65
13,屏東縣,134515,縣立崇文國中,4,5,6,45,61,59,51,72,64,63,71,17,21,1,5,22.6786086,120.6012856,352,134,44
13,屏東縣,134516,縣立竹田國中,2,3,1,23,30,36,28,20,11,23,22,4,13,1,3,22.6166543,120.5237999,148,45,21
13,屏東縣,134517,縣立潮州國中,9,9,11,135,129,140,124,149,133,156,143,29,44,2,6,22.553934,120.542915,810,299,81
13,屏東縣,134518,縣立光春國中,4,4,6,45,38,63,32,54,52,59,49,16,26,1,6,22.534405,120.540685,284,108,49
13,屏東縣,134519,縣立萬巒國中,5,6,6,69,53,75,63,75,66,68,62,12,29,5,2,22.571429,120.574788,401,130,48
13,屏東縣,134520,縣立新埤國中,1,1,1,2,6,10,0,14,7,6,5,5,6,0,3,22.483995,120.565311,39,11,14
13,屏東縣,134522,縣立萬丹國中,8,9,10,132,108,133,99,144,119,132,120,22,49,2,8,22.596841,120.4884536,735,252,81
13,屏東縣,134523,縣立新園國中,6,7,7,75,83,78,83,96,80,96,78,18,35,2,5,22.5452661,120.4613993,495,174,60
13,屏東縣,134525,縣立林邊國中,5,6,8,65,78,83,66,72,91,99,87,20,26,2,5,22.4328734,120.5100836,455,186,53
13,屏東縣,134526,縣立南州國中,2,3,3,24,26,29,28,29,29,35,35,9,15,0,4,22.4875174,120.5045682,165,70,28
13,屏東縣,134527,縣立佳冬國中,3,2,3,31,36,24,23,31,33,47,30,11,14,0,5,22.4288311,120.5667866,178,77,30
13,屏東縣,134528,縣立琉球國中,3,3,3,34,30,38,34,30,54,59,46,12,14,1,4,22.3362422,120.3684322,220,105,31
13,屏東縣,134530,縣立車城國中,4,4,4,55,46,52,47,49,59,59,67,18,14,1,4,22.0726638,120.7163793,308,126,37
13,屏東縣,134531,縣立恆春國中,9,10,12,119,120,158,126,163,163,165,132,35,49,2,6,22.0015314,120.7479462,849,297,92
13,屏東縣,134532,縣立滿州國中,1,2,2,10,12,13,25,22,25,24,19,10,8,2,1,22.0238789,120.8396558,107,43,21
13,屏東縣,134533,縣立瑪家國中,3,3,3,29,25,27,20,30,30,46,24,10,10,1,3,22.7023221,120.6094961,161,70,24
13,屏東縣,134535,縣立泰武國中,2,2,2,22,19,24,17,17,18,32,25,10,5,0,4,22.591822,120.6328161,117,57,19
13,屏東縣,134536,縣立牡丹國中,1,1,1,11,9,14,9,11,14,13,9,9,3,1,3,22.1288301,120.775646,68,22,16
13,屏東縣,134537,縣立獅子國中,1,1,1,9,7,15,7,20,9,11,12,5,7,0,4,22.2049857,120.7006841,67,23,16
13,屏東縣,134538,縣立東新國中,5,5,6,71,55,70,43,62,64,101,63,15,25,0,8,22.4737156,120.464926,365,164,48
13,屏東縣,134542,縣立萬新國中,6,6,6,70,59,80,57,76,57,82,74,21,24,1,6,22.5621638,120.492264,399,156,52
13,屏東縣,134543,縣立大路關國中(小),1,1,0,5,5,6,4,0,0,0,0,3,5,1,2,22.7391341,120.6204884,20,0,11
14,臺東縣,140301,國立臺東大學附屬體育高級中學,4,4,4,49,28,48,23,47,20,33,15,0,0,0,0,22.7644294,121.075238,215,48,0
14,臺東縣,141301,私立均一高中附設國中部,2,2,2,21,29,27,28,26,28,25,32,0,0,0,0,22.7703313,121.1261014,159,57,0
14,臺東縣,141307,私立育仁高中附設國中部,1,1,1,6,10,12,9,10,11,17,4,0,0,0,0,22.77419,121.092785,58,21,0
14,臺東縣,144322,縣立蘭嶼高中附設國中部,2,2,2,9,20,12,15,20,11,15,14,0,0,0,0,22.0498373,121.5118562,87,29,0
14,臺東縣,144501,縣立新生國中,19,18,19,255,253,256,250,258,246,244,254,49,98,3,10,22.7620417,121.1354095,1518,498,160
14,臺東縣,144502,縣立東海國中,10,11,11,129,124,146,134,152,134,129,144,24,55,4,10,22.7454351,121.1495917,819,273,93
14,臺東縣,144503,縣立寶桑國中,5,6,6,60,52,69,58,63,63,61,58,19,29,1,8,22.7695545,121.1449035,365,119,57
14,臺東縣,144504,縣立卑南國中,4,5,4,57,36,48,41,59,28,53,35,11,29,3,5,22.788454,121.111934,269,88,48
14,臺東縣,144505,縣立豐田國中,3,3,3,28,19,37,25,48,16,49,20,11,16,1,6,22.7717128,121.0908078,173,69,34
14,臺東縣,144506,縣立知本國中,3,4,3,27,23,39,36,32,34,34,33,9,19,3,4,22.716939,121.0476642,191,67,35
14,臺東縣,144507,縣立初鹿國中,2,2,2,15,14,18,12,22,14,14,9,12,9,0,4,22.8493889,121.0921366,95,23,25
14,臺東縣,144508,縣立鹿野國中,2,2,2,12,22,14,18,12,13,26,23,9,12,2,3,22.9069333,121.1351612,91,49,26
14,臺東縣,144509,縣立瑞源國中,1,1,1,6,6,7,5,5,5,5,11,5,5,0,3,22.9738564,121.1556553,34,16,13
14,臺東縣,144510,縣立關山國中,4,4,5,56,63,50,60,59,61,55,56,16,18,4,5,23.0451181,121.159828,349,111,43
14,臺東縣,144511,縣立池上國中,3,3,3,28,31,39,18,37,27,45,30,11,16,1,5,23.1148377,121.204932,180,75,33
14,臺東縣,144512,縣立大王國中,4,3,3,33,27,45,31,38,33,37,37,13,13,1,5,22.6154435,121.0066205,207,74,32
14,臺東縣,144513,縣立賓茂國中,2,2,2,18,9,30,10,24,11,23,20,10,11,2,2,22.5327778,120.9666667,102,43,25
14,臺東縣,144514,縣立大武國中,3,4,3,31,27,39,39,29,39,31,37,12,15,3,4,22.364649,120.907678,204,68,34
14,臺東縣,144515,縣立都蘭國中,1,2,2,16,11,13,21,17,20,15,18,7,12,0,2,22.8739349,121.2245649,98,33,21
14,臺東縣,144516,縣立泰源國中,2,2,2,14,11,23,10,22,9,29,14,9,12,2,2,23.001521,121.289998,89,43,25
14,臺東縣,144517,縣立新港國中,3,3,5,30,50,44,36,51,54,50,38,11,20,2,6,23.5578448,120.3431122,265,88,39
14,臺東縣,144518,縣立長濱國中,2,2,2,18,19,19,17,23,21,19,18,8,13,2,2,23.3145811,121.4586833,117,37,25
14,臺東縣,144519,縣立桃源國中,1,1,1,11,3,12,2,10,8,12,6,5,6,1,1,22.9026384,121.0803706,46,18,13
14,臺東縣,144520,縣立海端國中,1,1,1,6,9,5,7,9,2,5,7,5,8,2,1,23.098988,121.17644,38,12,16
14,臺東縣,144521,縣立綠島國中,1,1,2,7,9,4,5,6,5,10,5,7,8,3,1,22.6730389,121.4702398,36,15,19
15,花蓮縣,151306,私立海星高中附設國中部,2,2,2,40,33,35,45,40,42,55,58,0,0,0,0,24.0086791,121.6131047,235,113,0
15,花蓮縣,151312,私立慈大附中附設國中部,7,7,7,138,119,111,85,94,105,104,97,0,0,0,0,24.0000649,121.5741076,652,201,0
15,花蓮縣,154399,縣立南平中學附設國中部,0,0,0,0,0,0,0,0,0,0,0,0,0,0,0,23.7833851,121.4575662,0,0,0
15,花蓮縣,154501,縣立玉里國中,8,7,8,92,87,80,93,92,97,104,109,28,30,3,5,23.335277,121.312934,541,213,66
15,花蓮縣,154502,縣立玉東國中,2,2,2,14,19,16,14,20,17,8,14,11,5,1,4,23.4167908,121.3709591,100,22,21
15,花蓮縣,154503,縣立三民國中,2,2,2,25,5,22,14,34,12,18,9,5,9,2,3,23.4322735,121.3500322,112,27,19
15,花蓮縣,154504,縣立美崙國中,5,6,7,81,52,91,61,84,67,99,62,14,31,4,5,23.9972365,121.6285149,436,161,54
15,花蓮縣,154505,縣立花崗國中,15,15,16,200,198,193,203,209,197,217,198,33,71,4,11,23.9775045,121.6123828,1200,415,119
15,花蓮縣,154506,縣立國風國中,18,19,19,266,251,261,253,241,267,240,273,48,95,2,13,23.9781451,121.5957218,1539,513,158
15,花蓮縣,154507,縣立秀林國中,4,3,4,29,39,37,34,37,43,35,42,16,15,2,4,24.126051,121.6530032,219,77,37
15,花蓮縣,154508,縣立新城國中,3,4,4,35,37,32,39,51,60,61,56,11,17,2,6,24.030965,121.604834,254,117,36
15,花蓮縣,154509,縣立吉安國中,3,4,4,37,35,55,43,51,53,67,58,10,19,4,4,23.983132,121.561344,274,125,37
15,花蓮縣,154510,縣立宜昌國中,8,9,10,126,92,115,108,144,123,129,112,26,52,6,4,23.9721569,121.58658,708,241,88
15,花蓮縣,154511,縣立壽豐國中,2,3,3,18,31,42,27,35,45,34,34,9,11,3,2,23.8456878,121.5004386,198,68,25
15,花蓮縣,154512,縣立平和國中,2,2,2,19,7,17,8,19,16,18,12,7,11,1,3,23.8856018,121.518801,86,30,22
15,花蓮縣,154513,縣立光復國中,3,4,3,25,33,39,38,31,38,42,38,14,16,3,6,23.6706032,121.424671,204,80,39
15,花蓮縣,154514,縣立富源國中,1,2,1,8,7,8,13,9,5,8,15,6,6,0,3,23.588935,121.383927,50,23,15
15,花蓮縣,154515,縣立鳳林國中,3,4,5,41,33,44,45,49,38,54,40,17,15,0,8,23.7444815,121.4489814,250,94,40
15,花蓮縣,154516,縣立萬榮國中,1,1,1,7,4,7,8,4,6,17,9,5,6,1,1,23.7076013,121.4181176,36,26,13
15,花蓮縣,154517,縣立富里國中,2,3,2,17,17,17,25,22,17,20,29,10,8,0,4,23.1757009,121.248963,115,49,22
15,花蓮縣,154518,縣立富北國中,2,2,2,13,11,14,11,20,22,11,15,5,11,1,2,23.2246835,121.2798008,91,26,19
15,花蓮縣,154519,縣立豐濱國中,1,2,1,7,6,15,6,8,6,9,10,4,9,1,2,23.6014189,121.5215467,48,19,16
15,花蓮縣,154520,縣立瑞穗國中,4,5,4,45,34,46,37,47,32,45,38,13,19,6,2,23.4991399,121.3758499,241,83,40
15,花蓮縣,154521,縣立東里國中,1,1,1,4,5,7,6,4,1,2,8,4,7,0,4,23.2634849,121.302669,27,10,15
15,花蓮縣,154522,縣立自強國中,8,8,9,107,87,132,91,134,99,131,111,23,39,3,7,23.9978564,121.5992803,650,242,72
15,花蓮縣,154523,縣立化仁國中,5,5,5,56,36,59,39,67,44,51,49,20,23,1,7,23.9654969,121.5929914,301,100,51
16,澎湖縣,164501,縣立馬公國中,13,14,16,160,158,176,169,190,201,200,186,42,62,3,9,23.5266867,119.5888429,1054,386,116
16,澎湖縣,164502,縣立中正國中,3,3,3,20,25,26,17,25,22,30,20,15,9,0,6,22.6720999,120.5086289,135,50,30
16,澎湖縣,164503,縣立澎南國中,1,1,1,10,9,10,13,7,11,19,11,7,6,1,3,23.5266867,119.5888429,60,30,17
16,澎湖縣,164504,縣立湖西國中,2,2,2,16,20,25,20,29,23,23,26,8,9,2,4,23.584501,119.653832,133,49,23
16,澎湖縣,164505,縣立志清國中,1,1,1,2,2,3,3,4,4,6,5,3,5,0,1,23.5899191,119.6118039,18,11,9
16,澎湖縣,164506,縣立鎮海國中,1,1,1,2,2,4,5,5,3,2,6,3,7,2,0,23.6435994,119.5972689,21,8,12
16,澎湖縣,164507,縣立白沙國中,1,1,1,9,4,7,5,9,9,6,13,5,5,0,1,23.6678483,119.598255,43,19,11
16,澎湖縣,164508,縣立吉貝國中,1,1,1,4,1,1,4,5,6,6,2,5,3,0,1,23.7367073,119.6058084,21,8,9
16,澎湖縣,164509,縣立西嶼國中,2,2,2,14,18,19,14,23,19,19,23,11,6,2,3,23.5999762,119.5105136,107,42,22
16,澎湖縣,164510,縣立望安國中,1,1,1,3,1,3,3,5,3,6,2,3,6,1,0,23.360288,119.4971491,18,8,10
16,澎湖縣,164511,縣立將澳國中,1,1,1,2,0,6,1,3,2,3,4,3,8,1,0,23.3645475,119.525632,14,7,12
16,澎湖縣,164512,縣立七美國中,1,1,1,6,11,7,6,8,12,12,10,5,3,2,1,23.2058329,119.4295092,50,22,11
16,澎湖縣,164513,縣立文光國中,6,5,5,84,46,69,46,54,66,67,50,16,28,3,5,23.5734785,119.5701621,365,117,52
16,澎湖縣,164514,縣立鳥嶼國中,1,1,1,3,3,2,6,3,6,0,6,4,6,1,0,23.6603469,119.660939,23,6,11
17,基隆市,171306,私立二信高中附設國中部,10,11,11,262,204,289,205,299,237,299,219,0,0,0,0,25.143902,121.771516,1496,518,0
17,基隆市,171308,私立聖心高中附設國中部,1,1,1,16,14,18,11,21,14,19,16,0,0,0,0,25.1353145,121.7338675,94,35,0
17,基隆市,173304,市立中山高中附設國中部,6,7,7,69,78,68,101,91,72,99,88,0,0,0,0,22.728652,120.2927492,479,187,0
17,基隆市,173306,市立安樂高中附設國中部,6,6,7,69,76,63,81,69,89,62,66,0,0,0,0,25.1351392,121.7299807,447,128,0
17,基隆市,173307,市立暖暖高中附設國中部,4,3,4,49,32,37,22,26,51,39,46,0,0,0,0,25.1081244,121.737743,217,85,0
17,基隆市,173314,市立八斗高中附設國中部,5,4,5,59,35,45,45,64,53,57,43,0,0,0,0,25.140237,121.7882919,301,100,0
17,基隆市,173501,市立明德國中,8,8,8,85,92,104,91,93,98,82,98,17,48,4,4,25.1081039,121.51852,563,180,73
17,基隆市,173502,市立銘傳國中,15,16,15,246,194,224,208,234,204,224,187,37,83,4,7,25.1236499,121.7502008,1310,411,131
17,基隆市,173503,市立信義國中,4,5,5,53,40,42,38,51,43,38,41,6,34,2,6,25.028644,121.567577,267,79,48
17,基隆市,173505,市立中正國中,7,8,8,82,87,92,92,99,103,104,117,21,48,5,6,25.0323588,121.5219754,555,221,80
17,基隆市,173508,市立南榮國中,3,3,2,34,19,22,20,17,23,19,27,10,14,3,4,22.5133707,120.5182968,135,46,31
17,基隆市,173509,市立成功國中,5,4,4,49,42,36,51,47,46,49,30,13,26,1,8,24.0940491,120.6992732,271,79,48
17,基隆市,173510,市立正濱國中,3,2,3,35,22,30,10,28,38,24,22,7,20,2,5,25.146333,121.763026,163,46,34
17,基隆市,173512,市立建德國中,12,11,12,151,138,130,146,154,152,133,131,26,64,5,6,25.1269314,121.7218351,871,264,101
17,基隆市,173513,市立百福國中,6,7,6,83,63,70,93,86,77,93,87,21,35,2,7,25.0834942,121.6987487,472,180,65
17,基隆市,173515,市立碇內國中,5,5,6,53,57,72,70,86,85,90,76,9,36,0,9,25.0960443,121.7489082,423,166,54
17,基隆市,173516,市立武崙國中,8,8,8,114,101,102,109,120,94,115,100,21,47,1,8,25.1377736,121.7062043,640,215,77
18,新竹市,180301,國立科學工業園區高中附設國中部,7,7,7,111,105,118,86,102,101,108,91,0,0,0,0,24.777184,121.016432,623,199,0
18,新竹市,181305,私立光復高中附設國中部,3,3,3,59,44,54,34,58,43,51,41,0,0,0,0,24.7983869,120.9940563,292,92,0
18,新竹市,181306,私立曙光女中附設國中部,8,8,7,163,211,165,214,149,178,138,176,0,0,0,0,24.812185,120.971485,1080,314,0
18,新竹市,181307,私立磐石高中附設國中部,3,4,3,68,47,74,46,54,49,67,47,0,0,0,0,24.8108193,120.9570734,338,114,0
18,新竹市,181502,私立新竹市康橋國中(小),3,3,2,45,58,52,43,18,16,16,10,4,17,2,6,24.768817,120.966208,232,26,29
18,新竹市,183306,市立成德高中附設國中部,5,5,5,60,43,76,35,82,51,59,50,0,0,0,0,24.7909191,120.953335,347,109,0
18,新竹市,183307,市立香山高中附設國中部,7,7,9,97,81,90,109,116,103,96,104,0,0,0,0,24.785165,120.930349,596,200,0
18,新竹市,183313,市立建功高中附設國中部,13,10,11,186,175,133,143,157,125,120,124,0,0,0,0,24.7978951,121.0023113,919,244,0
18,新竹市,183501,市立建華國中,8,8,9,102,104,73,98,94,94,100,101,13,54,0,9,24.7941131,120.9766922,565,201,76
18,新竹市,183502,市立培英國中,25,30,26,376,359,483,398,390,380,432,355,45,144,1,14,24.7943201,120.9781373,2386,787,204
18,新竹市,183503,市立光華國中,19,20,19,267,248,292,253,276,260,256,289,36,109,0,16,22.611216,120.3224586,1596,545,161
18,新竹市,183504,市立育賢國中,13,11,13,122,158,134,129,142,143,128,153,28,75,2,8,24.7901418,120.9656076,828,281,113
18,新竹市,183505,市立光武國中,14,14,15,216,180,218,192,223,188,209,171,27,87,1,8,24.7859447,121.0117449,1217,380,123
18,新竹市,183508,市立南華國中,4,3,4,49,44,46,36,58,46,70,57,6,24,1,6,24.8440256,120.9273741,279,127,37
18,新竹市,183509,市立富禮國中,3,2,3,25,18,17,19,20,29,21,21,6,17,2,5,24.7644537,120.9127969,128,42,30
18,新竹市,183510,市立三民國中,24,21,23,357,327,313,272,323,321,337,303,35,116,3,13,22.6465942,120.3071577,1913,640,167
18,新竹市,183511,市立內湖國中,3,2,3,30,23,25,26,47,35,33,25,7,15,1,7,25.077035,121.5886895,186,58,30
18,新竹市,183512,市立虎林國中,5,5,6,60,46,67,58,68,72,79,63,13,31,1,8,24.8052619,120.9419437,371,142,53
18,新竹市,183514,市立新科國中,5,5,6,67,61,70,59,76,74,76,84,10,30,1,6,24.7802671,121.0241642,407,160,47
18,新竹市,183515,市立竹光國中,12,12,11,160,182,174,173,167,151,153,120,17,69,1,7,24.8072882,120.9555983,1007,273,94
18,新竹市,183516,市立華德福實驗國中(小),1,0,0,7,6,0,0,0,0,0,0,1,2,0,0,24.9242653,121.1830101,13,0,3
19,臺中市,191301,私立東大附屬實驗高中附設國中部,7,7,7,167,140,149,139,165,126,163,132,0,0,0,0,24.182282,120.6055347,886,295,0
19,臺中市,191302,私立葳格高中附設國中部,4,3,3,53,50,35,36,41,38,43,34,0,0,0,0,24.1785854,120.711852,253,77,0
19,臺中市,191305,私立新民高中附設國中部,6,6,6,116,110,109,103,121,88,128,104,0,0,0,0,24.1586929,120.685906,647,232,0
19,臺中市,191309,私立明德高中附設國中部,5,4,4,95,87,76,70,67,68,61,51,0,0,0,0,24.120318,120.683671,463,112,0
19,臺中市,191311,私立衛道高中附設國中部,17,17,17,598,227,613,211,566,241,569,245,0,0,0,0,24.1830032,120.6750442,2456,814,0
19,臺中市,191313,私立曉明女中附設國中部,10,10,10,0,495,0,495,0,487,0,491,0,0,0,0,24.168102,120.673388,1477,491,0
19,臺中市,191314,私立嶺東高中附設國中部,4,4,4,71,56,79,68,94,61,73,66,0,0,0,0,24.138096,120.610281,429,139,0
19,臺中市,191315,私立磊川華德福實驗教育學校國中部,1,1,1,14,10,12,6,14,8,7,14,0,0,0,0,24.1804983,120.713242,64,21,0
19,臺中市,191503,私立麗喆國中(小),1,1,1,16,15,11,10,7,4,4,6,8,6,2,6,24.1947933,120.6138543,63,10,22
19,臺中市,193303,市立忠明高中附設國中部,11,11,11,178,152,164,130,154,132,147,148,0,0,0,0,24.1589341,120.6636692,910,295,0
19,臺中市,193313,市立西苑高中附設國中部,17,17,18,230,220,239,208,279,227,226,217,0,0,0,0,24.186534,120.64181,1403,443,0
19,臺中市,193315,市立東山高中附設國中部,22,22,21,329,343,338,319,340,325,335,302,0,0,0,0,24.1662931,120.7121387,1994,637,0
19,臺中市,193316,市立惠文高中附設國中部,10,10,10,156,156,162,145,174,172,145,141,0,0,0,0,24.1516147,120.6397871,965,286,0
19,臺中市,193501,市立居仁國中,22,22,24,324,317,354,301,373,314,301,329,48,134,6,10,24.1370565,120.6788372,1983,630,198
19,臺中市,193502,市立雙十國中,12,10,12,131,159,115,133,144,143,131,140,21,62,3,5,24.1531468,120.691521,825,271,91
19,臺中市,193504,市立崇倫國中,12,12,13,142,129,151,140,177,174,156,163,24,64,2,6,24.1319343,120.6575395,913,319,96
19,臺中市,193505,市立大德國中,4,4,6,44,43,59,43,77,48,62,76,11,25,1,7,24.180111,120.669072,314,138,44
19,臺中市,193506,市立北新國中,18,19,19,260,213,264,251,260,234,238,226,42,97,3,10,24.1803955,120.6982701,1482,464,152
19,臺中市,193507,市立東峰國中,5,5,4,63,41,41,38,36,45,52,40,16,25,2,5,24.126207,120.6858308,264,92,48
19,臺中市,193508,市立黎明國中,11,13,12,167,122,183,140,170,126,164,141,31,66,0,11,24.155814,120.6322318,908,305,108
19,臺中市,193509,市立光明國中,16,17,18,200,227,200,248,241,235,212,244,33,102,4,10,24.1322703,120.6732226,1351,456,149
19,臺中市,193510,市立向上國中,13,12,13,204,181,195,168,184,155,177,131,19,85,4,9,24.143377,120.661945,1087,308,117
19,臺中市,193511,市立育英國中,8,9,11,112,96,113,108,122,98,142,88,15,60,2,7,24.1358576,120.6981982,649,230,84
19,臺中市,193512,市立四育國中,7,7,7,66,69,89,63,73,56,86,89,17,33,2,7,24.125529,120.6646223,416,175,59
19,臺中市,193514,市立五權國中,13,12,13,182,161,152,148,154,175,180,186,25,72,1,12,24.1553609,120.679227,972,366,110
19,臺中市,193516,市立中山國中,5,6,7,55,38,66,50,100,44,74,64,14,36,2,6,25.0606103,121.5455307,353,138,58
19,臺中市,193517,市立崇德國中,17,17,17,230,231,253,210,240,229,233,229,31,84,2,10,24.1752046,120.6852771,1393,462,127
19,臺中市,193518,市立立人國中,8,9,10,100,111,142,114,136,138,142,136,21,47,3,6,24.1715332,120.66999,741,278,77
19,臺中市,193519,市立漢口國中,9,11,10,121,124,169,130,135,120,145,137,20,58,2,6,24.1617539,120.6571191,799,282,86
19,臺中市,193520,市立安和國中,10,9,11,114,108,111,138,113,122,123,115,29,49,1,7,24.1740334,120.6167303,706,238,86
19,臺中市,193521,市立至善國中,9,9,10,124,118,124,102,95,145,119,112,17,56,1,7,24.1747541,120.6407391,708,231,81
19,臺中市,193522,市立萬和國中,9,9,11,123,109,115,106,148,148,138,132,21,50,2,7,24.1345956,120.6406948,749,270,80
19,臺中市,193523,市立大業國中,16,16,16,294,258,259,218,253,249,246,254,38,82,0,13,24.1538653,120.652153,1531,500,133
19,臺中市,193524,市立三光國中,6,6,6,65,67,83,72,87,83,88,85,10,37,0,8,24.1672395,120.6984857,457,173,55
19,臺中市,193525,市立四張犁國中,6,7,7,87,83,103,96,84,106,101,112,15,37,3,5,24.193558,120.677167,559,213,60
19,臺中市,193526,市立福科國中,15,15,15,301,274,257,267,240,245,212,212,30,89,4,8,24.1886941,120.6150045,1584,424,131
19,臺中市,193527,市立大墩國中,10,9,9,134,110,116,109,134,114,121,124,22,43,2,5,24.1449417,120.6404242,717,245,72
20,嘉義市,201304,私立興華高中附設國中部,5,5,5,125,76,93,62,107,69,140,78,0,0,0,0,23.4895018,120.4647954,532,218,0
20,嘉義市,201310,私立嘉華高中附設國中部,4,3,4,95,82,73,55,107,57,87,70,0,0,0,0,23.4835895,120.4767061,469,157,0
20,嘉義市,201312,私立輔仁高中附設國中部,5,6,7,132,76,157,97,192,98,205,131,0,0,0,0,23.460557,120.456993,752,336,0
20,嘉義市,201313,私立宏仁女中附設國中部,2,2,2,16,44,12,47,11,46,3,74,0,0,0,0,23.506283,120.445669,176,77,0
20,嘉義市,203501,市立大業國中,4,5,5,48,48,61,69,88,62,88,66,16,23,4,9,24.1538653,120.652153,376,154,52
20,嘉義市,203502,市立北興國中,19,19,20,288,216,279,240,304,232,318,203,52,104,2,14,23.4904837,120.4550717,1559,521,172
20,嘉義市,203503,市立嘉義國中,11,12,12,17,252,25,294,24,292,23,326,25,67,1,13,23.4869794,120.4648553,904,349,106
20,嘉義市,203504,市立南興國中,8,8,9,95,116,110,114,132,116,123,132,22,47,3,9,23.4684365,120.4622065,683,255,81
20,嘉義市,203505,市立民生國中,21,23,23,319,274,346,283,314,294,343,250,51,113,2,13,25.0597793,121.5667159,1830,593,179
20,嘉義市,203506,市立玉山國中,7,8,8,105,94,90,124,128,91,131,129,18,45,1,10,23.468351,120.4257066,632,260,74
20,嘉義市,203507,市立蘭潭國中,7,6,6,158,16,131,20,162,16,183,22,19,40,1,9,23.4823173,120.4814193,503,205,69
20,嘉義市,203508,市立北園國中,5,6,6,57,67,88,68,84,63,88,73,20,24,1,5,23.4951,120.426786,427,161,50
21,臺南市,211301,私立長榮高中附設國中部,4,4,4,79,28,85,30,78,42,90,37,0,0,0,0,22.9894128,120.2229561,342,127,0
21,臺南市,211304,私立聖功女中附設國中部,6,6,6,0,214,0,231,0,238,0,292,0,0,0,0,23.014844,120.221297,683,292,0
21,臺南市,211310,臺南光華學校財團法人臺南市光華高中附設國中,1,1,1,13,12,6,10,12,8,14,12,0,0,0,0,22.988612,120.21739,61,26,0
21,臺南市,211315,私立瀛海高中附設國中部,7,8,8,203,117,200,135,210,115,162,92,0,0,0,0,23.0350309,120.2113593,980,254,0
21,臺南市,211317,私立崑山高中附設國中部,1,0,0,2,5,0,0,0,0,10,0,0,0,0,0,23.0110042,120.2263303,7,10,0
21,臺南市,211318,私立德光高中附設國中部,10,10,10,237,251,241,207,220,226,229,213,0,0,0,0,22.9798586,120.2214007,1382,442,0
21,臺南市,211320,慈濟學校財團法人臺南市私立慈濟高級中學附設國中部,6,7,7,87,93,85,82,96,78,113,99,0,0,0,0,22.987448,120.179471,521,212,0
21,臺南市,213303,市立南寧高中附設國中部,5,5,7,64,60,66,64,90,69,79,87,0,0,0,0,22.935473,120.186614,413,166,0
21,臺南市,213316,市立土城高中附設國中部,3,4,4,28,43,63,38,39,46,43,64,0,0,0,0,23.0574603,120.1505744,257,107,0
21,臺南市,213501,市立後甲國中,23,22,23,364,295,305,286,336,301,319,268,35,114,2,12,22.9958008,120.2244958,1887,587,163
21,臺南市,213502,市立忠孝國中,11,12,12,153,144,196,116,170,146,152,162,25,58,0,9,25.051247,121.5082165,925,314,92
21,臺南市,213504,市立大成國中,10,10,11,135,126,117,135,125,126,138,137,22,55,3,5,22.978864,120.197917,764,275,85
21,臺南市,213505,市立金城國中,12,13,12,181,170,172,164,177,171,172,194,24,71,1,10,22.9931701,120.180648,1035,366,106
21,臺南市,213506,市立民德國中,20,21,20,298,286,315,284,264,295,265,286,38,106,3,10,23.0054258,120.2053713,1742,551,157
21,臺南市,213507,市立成功國中,3,3,2,43,31,36,28,29,19,26,21,7,14,2,2,24.0940491,120.6992732,186,47,25
21,臺南市,213508,市立延平國中,3,4,4,25,18,33,31,38,37,49,43,5,25,0,6,23.0093658,120.2105446,182,92,36
21,臺南市,213509,市立建興國中,21,19,19,352,251,320,223,325,216,355,243,39,107,2,11,22.9892383,120.203141,1687,598,159
21,臺南市,213510,市立中山國中,13,13,13,147,194,153,196,154,211,135,209,24,65,4,5,25.0606103,121.5455307,1055,344,98
21,臺南市,213511,市立安平國中,11,12,10,148,144,160,152,127,143,126,126,25,52,0,9,22.99757,120.1683654,874,252,86
21,臺南市,213512,市立安南國中,14,13,13,179,218,190,189,218,158,211,177,26,69,1,9,23.0485084,120.1780251,1152,388,105
21,臺南市,213513,市立安順國中,8,8,8,103,97,127,92,125,92,108,105,18,40,0,7,23.0496474,120.2185004,636,213,65
21,臺南市,213514,市立復興國中,32,29,30,474,423,446,404,434,411,417,394,52,144,0,16,22.982395,120.240143,2592,811,212
21,臺南市,213515,市立新興國中,6,6,9,61,55,83,74,104,91,84,101,20,37,0,8,25.061983,121.525792,468,185,65
21,臺南市,213517,市立文賢國中,6,7,7,94,69,98,98,102,93,120,108,14,39,0,8,23.005616,120.1962944,554,228,61
21,臺南市,213518,市立崇明國中,19,18,19,279,242,264,233,264,235,288,225,32,96,4,9,22.9697789,120.2255075,1517,513,141
21,臺南市,213519,市立和順國中,9,10,9,110,116,137,113,112,114,120,124,18,52,3,6,23.0664775,120.2209457,702,244,79
21,臺南市,213520,市立海佃國中,11,12,11,140,171,180,154,177,137,134,143,20,53,2,7,23.027696,120.198995,959,277,82
30,臺北市,313301,市立西松高中附設國中部,2,2,3,25,25,34,26,33,36,42,43,0,0,0,0,25.0553554,121.5671134,179,85,0
30,臺北市,313302,市立中崙高中附設國中部,7,7,7,79,100,70,93,110,80,96,88,0,0,0,0,25.0487115,121.5611909,532,184,0
30,臺北市,313501,市立介壽國中,21,22,22,339,281,343,293,333,295,303,282,42,125,4,19,25.0564253,121.5564352,1884,585,190
30,臺北市,313502,市立民生國中,8,8,8,99,78,117,105,83,78,111,82,19,50,5,9,25.0597793,121.5667159,560,193,83
30,臺北市,313504,市立中山國中,8,8,8,113,108,117,111,114,115,112,103,19,45,3,10,25.0606103,121.5455307,678,215,77
30,臺北市,313505,市立敦化國中,24,24,24,363,335,327,302,372,322,324,306,45,132,4,20,25.051541,121.546707,2021,630,201
30,臺北市,323502,市立興雅國中,16,16,16,209,222,195,174,200,216,236,221,40,84,1,19,25.0364201,121.572237,1216,457,144
30,臺北市,323503,市立永吉國中,6,6,7,74,54,82,79,89,79,88,67,15,50,0,14,25.0483137,121.5740947,457,155,79
30,臺北市,323504,市立瑠公國中,7,7,8,66,68,72,64,108,71,77,97,18,43,2,12,25.037088,121.585339,449,174,75
30,臺北市,323505,市立信義國中,10,10,11,127,99,139,121,112,82,150,113,25,60,3,12,25.028644,121.567577,680,263,100
30,臺北市,330301,國立師大附中,7,7,7,115,93,107,93,102,97,114,77,0,0,0,0,25.0336592,121.5404218,607,191,0
30,臺北市,331301,私立延平中學附設國中部,11,10,9,302,190,283,161,241,154,278,114,0,0,0,0,25.0363216,121.5384679,1331,392,0
30,臺北市,331304,私立復興高中(國中),8,8,8,169,175,183,160,150,137,145,142,0,0,0,0,25.0394418,121.5484403,974,287,0
30,臺北市,331502,私立立人國中(小),1,1,1,20,9,11,8,11,8,10,12,3,12,1,7,25.0298352,121.5519283,67,22,23
30,臺北市,333301,市立和平高中附設國中部,6,6,6,81,86,83,63,84,64,89,84,0,0,0,0,25.0196314,121.5491522,461,173,0
30,臺北市,333501,市立仁愛國中,20,21,22,270,249,255,227,267,237,271,230,40,123,4,19,25.0374998,121.5506358,1505,501,186
30,臺北市,333502,市立大安國中,14,15,15,213,152,165,157,212,143,169,144,34,81,4,15,25.030845,121.54617,1042,313,134
30,臺北市,333504,市立芳和實驗國中,4,5,4,47,36,54,42,44,39,50,38,18,62,3,11,25.0187358,121.5502421,262,88,94
30,臺北市,333505,市立金華國中,27,26,27,433,371,365,374,385,327,370,326,54,151,2,23,25.0312012,121.533178,2255,696,230
30,臺北市,333506,市立懷生國中,4,4,5,31,42,43,49,41,45,58,68,9,30,1,12,25.0403791,121.5412362,251,126,52
30,臺北市,333507,市立民族實驗國中,4,4,4,48,37,64,47,80,49,58,44,16,25,3,10,25.0111994,121.5388404,325,102,54
30,臺北市,333508,市立龍門國中,17,16,16,302,244,272,221,259,221,237,213,26,98,1,18,25.0244738,121.5387036,1519,450,143
30,臺北市,343302,市立大同高中附設國中部,7,7,7,99,123,105,102,104,107,103,86,0,0,0,0,25.0550217,121.5352723,640,189,0
30,臺北市,343303,市立大直高中附設國中部,9,9,9,134,123,127,119,143,117,137,115,0,0,0,0,25.07886,121.543375,763,252,0
30,臺北市,343502,市立長安國中,6,7,8,81,48,68,65,79,63,86,75,15,44,1,10,25.0495458,121.5319569,404,161,70
30,臺北市,343504,市立北安國中,6,6,6,59,64,57,72,53,87,59,76,12,41,1,11,25.0777783,121.5415678,392,135,65
30,臺北市,343505,市立新興國中,4,4,5,37,37,45,28,44,38,53,38,16,29,4,9,25.061983,121.525792,229,91,58
30,臺北市,343506,市立五常國中,5,4,5,52,45,43,56,41,52,41,64,15,31,3,10,25.0634804,121.543251,289,105,59
30,臺北市,343507,市立濱江國中,3,3,3,34,26,28,28,20,31,31,17,8,22,1,10,25.07955,121.5607499,167,48,41
30,臺北市,353501,市立螢橋國中,6,5,6,88,75,82,63,85,58,71,53,18,35,1,12,25.0246447,121.5109581,451,124,66
30,臺北市,353502,市立古亭國中,6,6,7,58,70,61,65,70,69,61,70,14,41,2,12,25.0246447,121.5109581,393,131,69
30,臺北市,353503,市立南門國中,16,18,18,265,228,260,227,227,209,221,221,29,100,0,21,25.0340713,121.508985,1416,442,150
30,臺北市,353504,市立弘道國中,14,15,15,214,189,202,156,215,167,187,172,36,76,4,17,25.0374875,121.5152934,1143,359,133
30,臺北市,353505,市立中正國中,23,23,23,405,366,411,378,379,363,389,356,36,134,5,19,25.0323588,121.5219754,2302,745,194
30,臺北市,361301,私立靜修女中附設國中部,4,4,3,32,61,22,76,29,68,17,59,0,0,0,0,25.0579309,121.515496,288,76,0
30,臺北市,363302,市立成淵高中附設國中部,10,10,10,175,124,168,120,135,146,153,125,0,0,0,0,25.0614213,121.5185204,868,278,0
30,臺北市,363501,市立建成國中,7,7,6,93,91,75,81,81,89,89,74,17,41,1,13,25.0516653,121.5186171,510,163,72
30,臺北市,363502,市立忠孝國中,6,6,7,93,75,93,62,87,79,79,77,22,36,3,11,25.051247,121.5082165,489,156,72
30,臺北市,363504,市立民權國中,9,8,9,128,115,114,119,115,116,103,70,18,56,1,12,25.0637369,121.5138782,707,173,87
30,臺北市,363506,市立蘭州國中,3,3,3,34,24,32,34,24,28,31,31,5,25,2,9,25.069322,121.516736,176,62,41
30,臺北市,363507,市立重慶國中,9,9,10,99,58,104,71,124,69,115,91,20,56,2,13,25.0759168,121.5180299,525,206,91
30,臺北市,373302,市立大理高中附設國中部,4,5,5,57,46,60,39,67,48,59,50,0,0,0,0,25.0308614,121.4912045,317,109,0
30,臺北市,373501,市立萬華國中,14,15,16,176,164,152,118,169,162,199,181,34,84,7,13,25.0291201,121.4990359,941,380,138
30,臺北市,373503,市立雙園國中,4,4,5,17,41,19,52,37,46,19,51,12,29,2,11,25.0275539,121.4926458,212,70,54
30,臺北市,373505,市立龍山國中,8,8,8,77,62,73,86,91,78,95,80,22,44,0,14,25.0360766,121.504618,467,175,80
30,臺北市,380301,國立政大附中,5,5,5,78,72,67,76,81,69,71,68,0,0,0,0,24.9871265,121.5858355,443,139,0
30,臺北市,381301,私立東山中學附設國中部,13,13,13,363,227,338,193,352,144,340,214,0,0,0,0,24.9733741,121.5615447,1617,554,0
30,臺北市,381304,私立再興中學附設國中部,8,8,8,189,168,212,139,193,148,203,144,0,0,0,0,24.9904136,121.5591612,1049,347,0
30,臺北市,381305,私立景文高中附設國中部,5,4,4,92,54,78,62,91,48,77,40,0,0,0,0,24.985367,121.567397,425,117,0
30,臺北市,381306,私立靜心高中附設國中部,6,6,6,131,139,144,121,126,134,128,137,0,0,0,0,24.9988631,121.5467337,795,265,0
30,臺北市,383302,市立萬芳高中附設國中部,8,8,8,69,69,102,94,116,91,88,94,0,0,0,0,25.0006248,121.5589135,541,182,0
30,臺北市,383501,市立木柵國中,6,7,8,73,59,65,71,96,74,91,85,20,42,2,12,24.98752,121.5676113,438,176,76
30,臺北市,383502,市立實踐國中,8,10,10,134,124,115,101,136,113,121,112,14,65,5,11,24.9834041,121.554857,723,233,95
30,臺北市,383503,市立北政國中,4,4,4,63,56,59,32,52,63,70,50,9,28,2,11,24.9845598,121.5779958,325,120,50
30,臺北市,383504,市立景美國中,13,13,14,196,165,223,205,230,190,208,176,36,72,1,18,24.9931712,121.5429395,1209,384,127
30,臺北市,383505,市立興福國中,3,3,3,36,21,37,14,44,23,25,19,8,22,2,8,25.0049365,121.5500586,175,44,40
30,臺北市,383507,市立景興國中,14,15,15,225,211,223,223,236,210,224,170,29,86,3,17,24.9962215,121.5442841,1328,394,135
30,臺北市,393301,市立南港高中附設國中部,10,9,10,110,93,127,107,145,111,112,112,0,0,0,0,25.0524116,121.5950264,693,224,0
30,臺北市,393501,市立誠正國中,11,11,11,121,99,124,106,158,114,168,131,35,56,3,14,25.054232,121.618819,722,299,108
30,臺北市,393503,市立成德國中,5,5,6,56,44,61,39,71,54,52,51,17,33,1,11,25.0449417,121.5876777,325,103,62
30,臺北市,400144,國立臺灣戲曲學院(國中),5,5,5,36,66,44,53,31,74,35,75,0,0,0,0,25.0819234,121.586525,304,110,0
30,臺北市,401302,私立方濟中學附設國中部,3,2,2,64,13,52,10,63,5,59,8,0,0,0,0,25.0773094,121.5905296,207,67,0
30,臺北市,401303,私立達人女中附設國中部,5,5,6,0,190,0,190,0,217,0,227,0,0,0,0,25.0812081,121.5876596,597,227,0
30,臺北市,403501,市立內湖國中,11,12,13,112,106,98,111,145,123,144,142,31,71,6,13,25.077035,121.5886895,695,286,121
30,臺北市,403502,市立麗山國中,21,21,21,339,321,322,255,324,283,301,308,39,122,2,19,25.0816165,121.5756877,1844,609,182
30,臺北市,403503,市立三民國中,6,6,6,50,61,74,53,64,55,74,65,17,38,2,12,22.6465942,120.3071577,357,139,69
30,臺北市,403504,市立西湖國中,4,4,4,42,22,42,22,45,25,51,29,12,25,4,9,25.0854627,121.5660775,198,80,50
30,臺北市,403505,市立東湖國中,13,13,14,178,162,157,166,181,144,199,175,25,80,3,16,25.0721649,121.6194218,988,374,124
30,臺北市,403506,市立明湖國中,20,20,20,299,310,301,270,288,228,274,264,42,110,2,19,25.0706196,121.6106431,1696,538,173
30,臺北市,411301,私立泰北高中附設國中部,1,1,1,21,12,20,12,15,5,0,0,0,0,0,0,25.097375,121.533898,85,0,0
30,臺北市,411302,私立衛理女中附設國中部,6,6,6,0,270,0,247,0,240,0,241,0,0,0,0,25.1017466,121.5523894,757,241,0
30,臺北市,411303,私立華興中學附設國中部,7,7,7,208,101,189,116,168,118,188,108,0,0,0,0,25.1050855,121.5385223,900,296,0
30,臺北市,413301,市立陽明高中,6,6,6,77,90,99,89,99,72,102,78,0,0,0,0,25.0922121,121.5172424,526,180,0
30,臺北市,413302,市立百齡高中,12,11,12,135,125,159,142,133,141,160,147,0,0,0,0,25.0870549,121.5229998,835,307,0
30,臺北市,413501,市立士林國中,9,10,11,108,89,118,99,129,111,110,116,25,58,2,15,25.0944084,121.5226286,654,226,100
30,臺北市,413502,市立蘭雅國中,15,15,16,168,180,188,174,202,189,218,179,29,97,3,15,25.110605,121.530897,1101,397,144
30,臺北市,413504,市立至善國中,3,3,3,29,13,22,15,32,18,37,15,12,18,1,8,24.1747541,120.6407391,129,52,39
30,臺北市,413505,市立格致國中,2,2,2,12,19,15,12,17,13,9,9,11,13,5,6,25.1308499,121.546354,88,18,35
30,臺北市,413506,市立福安國中,3,3,4,22,24,32,13,31,31,29,29,16,18,5,6,25.1032614,121.4878824,153,58,45
30,臺北市,413508,市立天母國中,18,18,19,230,225,250,208,237,227,261,220,40,106,5,16,25.1180479,121.5381925,1377,481,167
30,臺北市,421301,私立薇閣高中附設國中部,13,13,13,309,276,328,257,311,274,302,236,0,0,0,0,25.1395247,121.5039712,1755,538,0
30,臺北市,421302,私立幼華高中附設國中部,3,0,0,41,53,0,0,0,0,0,0,0,0,0,0,25.1334354,121.4968537,94,0,0
30,臺北市,421303,私立奎山實驗高中附設國中部,2,2,2,28,26,31,32,19,24,35,31,0,0,0,0,25.112998,121.5223028,160,66,0
30,臺北市,423501,市立北投國中,12,13,14,102,98,128,114,157,155,166,122,32,73,3,16,25.134874,121.504529,754,288,124
30,臺北市,423502,市立新民國中,4,4,5,45,35,52,24,53,34,58,26,18,22,1,10,25.1382345,121.5063989,243,84,51
30,臺北市,423503,市立明德國中,11,12,13,156,161,153,119,167,140,147,145,22,83,5,14,25.1081039,121.51852,896,292,124
30,臺北市,423504,市立桃源國中,5,4,5,44,57,68,52,69,58,67,44,15,28,4,9,25.1347115,121.477338,348,111,56
30,臺北市,423505,市立石牌國中,28,28,28,423,386,409,396,428,369,403,394,53,157,7,17,25.1149914,121.5141752,2411,797,234
30,臺北市,423506,市立關渡國中,3,3,3,46,33,42,44,56,33,50,46,13,18,2,9,25.1198994,121.4671378,254,96,42
50,高雄市,513501,市立鹽埕國中,6,6,6,78,82,66,77,72,81,74,73,12,40,3,6,22.62268,120.288063,456,147,61
50,高雄市,521301,私立明誠高中附設國中部,4,3,4,82,71,62,51,79,61,77,55,0,0,0,0,22.666246,120.292014,406,132,0
50,高雄市,521303,私立大榮高中附設國中部,2,2,1,17,16,22,12,14,6,10,6,0,0,0,0,22.6535429,120.2801989,87,16,0
50,高雄市,523301,市立鼓山高中附設國中部,5,5,5,56,63,70,63,59,60,72,61,0,0,0,0,22.6520055,120.2747089,371,133,0
50,高雄市,523502,市立壽山國中,4,4,4,42,35,35,46,34,51,61,39,14,23,2,6,22.6331988,120.2784858,243,100,45
50,高雄市,523503,市立明華國中,18,18,18,320,267,290,297,297,272,324,280,34,94,3,11,22.6619921,120.3011808,1743,604,142
50,高雄市,523504,市立七賢國中,16,15,15,253,233,233,191,223,190,216,159,31,80,0,9,22.6582398,120.2893006,1323,375,120
50,高雄市,533501,市立左營國中,21,21,22,291,313,301,287,315,299,299,309,44,115,3,13,22.6789832,120.3065701,1806,608,175
50,高雄市,533502,市立大義國中,6,6,5,58,59,64,48,51,63,60,71,14,38,2,7,22.6744924,120.2926403,343,131,61
50,高雄市,533503,市立立德國中,4,4,4,32,34,48,42,49,40,44,51,10,25,2,6,22.6902706,120.2911296,245,95,43
50,高雄市,533504,市立龍華國中,21,22,21,303,273,326,300,326,307,342,317,35,121,5,12,22.6582679,120.3090667,1835,659,173
50,高雄市,533505,市立福山國中,23,24,22,347,324,347,333,379,338,297,289,43,122,3,14,22.6810596,120.3147648,2068,586,182
50,高雄市,533506,市立文府國中,8,8,8,107,113,115,100,100,109,111,121,22,36,1,8,22.6916224,120.316639,644,232,67
50,高雄市,540301,國立中山大學附屬國光高中,6,6,6,95,81,89,89,84,90,89,86,0,0,0,0,22.7082782,120.3050243,528,175,0
50,高雄市,543501,市立楠梓國中,19,19,18,276,262,305,257,263,258,295,248,40,98,4,9,22.7352521,120.3273655,1621,543,151
50,高雄市,543502,市立右昌國中,12,12,14,153,160,183,139,220,169,185,176,40,59,0,12,22.713857,120.2866439,1024,361,111
50,高雄市,543503,市立後勁國中,5,7,8,65,56,74,77,81,76,84,64,8,47,4,5,22.7224362,120.3160079,429,148,64
50,高雄市,543504,市立國昌國中,19,19,17,296,251,295,289,253,246,239,286,37,97,2,12,22.7190654,120.2855881,1630,525,148
50,高雄市,543505,市立翠屏國中(小),4,4,4,36,41,41,36,52,45,51,40,13,22,3,6,22.7287207,120.2993544,251,91,44
50,高雄市,551301,私立立志高中附設國中部,6,5,5,114,85,108,67,83,72,106,59,0,0,0,0,22.6533576,120.3264762,529,165,0
50,高雄市,553501,市立鼎金國中,9,8,9,90,114,102,93,117,118,114,117,18,54,1,8,22.6557272,120.3206134,634,231,81
50,高雄市,553502,市立三民國中,11,14,15,130,142,164,179,196,204,190,185,30,75,4,8,22.6465942,120.3071577,1015,375,117
50,高雄市,553503,市立民族國中,9,9,9,96,90,111,87,105,86,118,84,19,63,4,5,25.0111994,121.5388404,575,202,91
50,高雄市,553504,市立陽明國中,31,30,32,496,450,431,436,538,442,451,423,54,163,4,13,22.6430211,120.3403786,2793,874,234
50,高雄市,553505,市立正興國中,17,19,19,263,213,271,231,291,252,282,221,39,101,2,12,22.6440037,120.3202613,1521,503,154
50,高雄市,563301,市立新興高中附設國中部,7,7,8,92,90,76,103,89,103,97,105,0,0,0,0,22.6243825,120.3041272,553,202,0
50,高雄市,573501,市立前金國中,7,7,7,73,49,87,52,92,59,99,88,23,40,4,4,22.6295108,120.2907275,412,187,71
50,高雄市,580301,國立高師附中附設國中部,4,4,4,53,64,60,58,59,55,65,53,0,0,0,0,22.6260694,120.3222549,349,118,0
50,高雄市,581301,私立復華高中附設國中部,5,4,4,125,75,103,56,91,68,89,60,0,0,0,0,22.621182,120.313424,518,149,0
50,高雄市,581302,私立道明中學附設國中部,12,10,10,231,208,202,175,190,185,210,206,0,0,0,0,22.6338273,120.3228343,1191,416,0
50,高雄市,583301,市立中正高中附設國中部,7,8,8,106,76,100,112,103,97,114,107,0,0,0,0,22.6264157,120.3387528,594,221,0
50,高雄市,583501,市立苓雅國中,7,7,7,86,95,81,103,80,90,99,108,13,42,4,5,22.618865,120.3062227,535,207,64
50,高雄市,583502,市立五福國中,28,28,28,401,402,415,371,426,417,420,371,41,159,1,17,22.6290226,120.3170276,2432,791,218
50,高雄市,583503,市立大仁國中,6,5,6,58,39,64,34,66,51,70,42,15,37,2,8,22.6328466,120.3295691,312,112,62
50,高雄市,583505,市立英明國中,7,8,8,88,67,105,86,107,74,102,104,15,48,3,9,22.6152283,120.3245424,527,206,75
50,高雄市,593302,市立瑞祥高中附設國中部,16,16,17,232,207,222,223,245,234,215,221,0,0,0,0,22.6016779,120.3248846,1363,436,0
50,高雄市,593501,市立獅甲國中,4,6,6,48,45,48,63,69,64,72,54,18,31,2,6,22.6051402,120.3082764,337,126,57
50,高雄市,593502,市立前鎮國中,7,7,8,100,87,94,93,94,95,115,112,17,45,1,8,22.5826842,120.3209996,563,227,71
50,高雄市,593503,市立瑞豐國中,5,4,5,54,54,57,51,60,61,52,56,11,31,2,6,22.6111245,120.3313247,337,108,50
50,高雄市,593504,市立光華國中,12,11,11,174,162,153,133,136,155,131,144,19,77,3,8,22.611216,120.3224586,913,275,107
50,高雄市,593505,市立興仁國中,2,3,3,26,13,29,19,33,19,38,25,9,19,0,7,22.5861529,120.313349,139,63,35
50,高雄市,603501,市立旗津國中,4,4,5,61,45,65,48,65,57,61,69,15,26,1,7,22.5892428,120.2867117,341,130,49
50,高雄市,610405,國立高雄餐旅大學附屬餐旅高中附設國中部,3,3,3,40,50,28,62,30,58,30,54,0,0,0,0,22.566209,120.371733,268,84,0
50,高雄市,613501,市立小港國中,12,12,14,186,156,180,154,197,173,207,191,28,72,4,6,22.5662551,120.3384083,1046,398,110
50,高雄市,613502,市立鳳林國中,4,4,4,25,36,36,38,29,43,35,43,12,22,1,7,23.7444815,121.4489814,207,78,42
50,高雄市,613503,市立中山國中,17,19,19,260,239,300,266,283,261,281,280,45,95,6,9,25.0606103,121.5455307,1609,561,155
50,高雄市,613504,市立明義國中,12,12,11,171,154,156,143,154,140,144,132,26,64,3,8,22.5818301,120.3689451,918,276,101
71,金門縣,714501,縣立金城國中,11,10,11,159,118,135,147,148,152,149,147,42,47,7,7,24.4314362,118.3129128,859,296,103
71,金門縣,714502,縣立金湖國中,7,6,5,83,65,80,71,66,70,70,81,24,32,7,5,24.4368176,118.4222112,435,151,68
71,金門縣,714503,縣立金寧國中(小),3,3,3,45,28,32,34,34,29,37,22,13,16,2,8,24.457112,118.327566,202,59,39
71,金門縣,714504,縣立金沙國中,4,4,4,43,40,46,31,43,41,50,51,14,23,2,4,24.4900719,118.4151699,244,101,43
71,金門縣,714505,縣立烈嶼國中,2,2,2,22,22,11,15,13,23,18,11,12,10,2,5,24.4302929,118.2420983,106,29,29
72,連江縣,724501,縣立介壽國中(小),2,2,2,13,14,25,16,14,25,18,8,7,9,4,3,26.1605191,119.9500716,107,26,23
72,連江縣,724502,縣立中正國中(小),1,1,1,7,17,9,6,7,4,5,5,8,5,3,3,22.6720999,120.5086289,50,10,19
72,連江縣,724504,縣立敬恆國中(小),1,1,1,4,3,2,5,2,0,4,0,3,7,3,2,25.9706323,119.9336772,16,4,15
72,連江縣,724505,縣立東引國中(小),1,1,1,7,5,7,3,2,1,6,3,6,4,1,4,26.3680983,120.4885787,25,9,15
